review_id,cpsc_source_record_id,cpsc_recall_number,cpsc_recall_date,cpsc_product_name,cpsc_title,cpsc_description,cpsc_hazards,cpsc_manufacturers,cpsc_retailers,cpsc_url,saferproducts_source_record_id,incident_date,publication_date,incident_brand,incident_model,incident_upc,incident_product_description,incident_description,incident_category,incident_manufacturer,incident_retailer,incident_locale,incident_product_purchased_date,incident_product_manufactured_date,incident_manufacturer_comments,incident_user_still_has_product,incident_severity,exact_upc,shared_product_token_count,product_token_jaccard,product_name_sequence_similarity,cpsc_name_token_coverage,incident_name_token_coverage,incident_brand_in_cpsc_name,incident_model_in_cpsc_name,manufacturer_in_cpsc_name,blocking_sources,selection_reason,temporal_status,similarity_band,jaccard_band,initial_label,review_label,reviewer_notes
ER-0001,8747,20072,2020-02-13,Harbor Breeze Santa Ana ceiling fan,Fanim Industries Recalls Harbor Breeze Santa Ana Ceiling Fan Due to Injury Hazard; Sold Exclusively at Lowe's Stores,"This recall involves Harbor Breeze 48-inch Santa Ana Ceiling Fan, model LP8294LBN, UPC code 840506599178. The model number can be on the fan motor as well as on the inside of the battery compartment cover of the included handheld remote control. The recalled fan has two dark walnut fan blades, brushed nickel blade arm holders and a frosted white glass globe containing a light bulb.","[{""name"": ""The fan's blade holders can break allowing the blade to be ejected from the fan, posing an injury hazard to consumers."", ""hazard_type"": null, ""hazard_type_id"": null}]","[{""name"": ""Fanim Industries, of Zionsville, Ind."", ""company_id"": null}]","[{""name"": ""Lowe's stores nationwide and online at www.lowes.com May 2014 through January 2016 for about $150."", ""company_id"": null}]",https://www.cpsc.gov/Recalls/2020/Fanim-Industries-Recalls-Harbor-Breeze-Santa-Ana-Ceiling-Fan-Due-to-Injury-Hazard-Sold-Exclusively-at-Lowes-Stores,20210502-EEF49-2147364386,2021-05-01,2021-05-19,Harbor Breeze,LP8294LBN,840506599178,"Info per my Loews receipt:
48"" HB PLAT SANTA ANA BN DC CFAN
Item#:464466 | Model#:LP8294LBN
Harbor Breeze 48"" Santa Ana ceiling fan",I was in my room walking on my treadmill with the Ceiling fan turned on when I heard a loud crash and noticed the ceiling fan start wobbling erratically and missing a blade.  One of the two large fan blades had snapped off and hit my closet door molding creating an indentation and large dark brown impact stain.,,Fanimation,Lowes,,2014-07-27,,,,,1,6,0.4,0.382514,1.0,0.4,1,0,0,"[""exact_upc"", ""shared_2plus_product_tokens""]",retain_exact_upc,incident_on_or_after_recall,low,high,positive_seed,,
ER-0002,8935,21022,2020-11-04,Climbing treestands,Alliance Outdoor Products Recalls Climbing Treestands Due to Fall Hazard,"This recall involves 2017 model year X-Stand Climbing Treestand Silent Adrenaline XSCT334 and Apache XSCT355. The model is identified on the box and in the instruction manual. They are made from lightweight aluminum, have a black nylon netting seat and padded arm rests and seat bar. The weight capacity is 300 pounds. Treestands with a batch number located on the metal plate riveted to the stand that ends in ""17"" are included in the recall. Model# Name Batch Number XSCT334 Silent Adrenaline 5X-1017 5X-1517 XSCT355 Apache 5X-5317 The UPC code for the recalled stands is 816153011219 (Silent Adrenaline) and 816153011677 (Apache). The UPC code is located on the box.","[{""name"": ""The cable assemblies on the treestand can separate due to corrosion, posing a fall hazard to the user."", ""hazard_type"": null, ""hazard_type_id"": null}]",[],"[{""name"": ""Sportsman's Guide stores (Silent Adrenaline treestands) and sporting goods stores (Apache treestands) nationwide and online at www.sportsmansguide.com and www.x-stand.com from May 2017 through December 2018 for between $200 and $230."", ""company_id"": null}]",https://www.cpsc.gov/Recalls/2021/Alliance-Outdoor-Products-Recalls-Climbing-Treestands-Due-to-Fall-Hazard,20220110-2BD01-3558892,2021-12-29,2022-03-29,X-Stand,Silent Adrenaline,816153011219,"Climbing Tree Stand

X-STAND","The consumer indicates that he was using his climbing tree stand when the cables broke and he fell twenty-eight feet, breaking two ribs and fracturing six vertebrae. The consumer had to visit the emergency room and later spent two days in a trauma center. In two more weeks the consumer has a follow-up appointment with his doctor so it can be evaluated or not if he will need back surgery.

The consumer states that the unit was used a total of about twenty times. The climbing tree stand is rated for 300 pounds whereas the consumer weighs 192 pounds.

The consumer plans on keeping his climbing tree stand for at least the next thirty days in case an investigation ensues.",,WWIC / Alliance Outdoor Group,Sportsman Guide,,2019-12-12,,,,,1,1,0.166667,0.527778,0.5,0.2,0,0,0,"[""exact_upc""]",retain_exact_upc,incident_on_or_after_recall,medium,medium,positive_seed,,
ER-0003,8976,21059,2020-12-23,Hampton Bay 54-inch Mara Indoor/Outdoor Ceiling Fans,King of Fans Recalls Hampton Bay Mara Ceiling Fans Due to Injury Hazard; Sold Exclusively at Home Depot,"This recall involves Hampton Bay 54-inch Mara Indoor/Outdoor ceiling fans in the following finishes: Matte white, matte black, black and polished nickel. The fans came with a white color changing integrated LED light and a remote control. The following UPC numbers for the recalled ceiling fans are printed on a silver rating label located on the top of the fan housing assembly: Ceiling Fan Finish UPC # Matte White 082392519186 Matte Black 082392519193 Black 082392599195 Polished Nickel 082392599188","[{""name"": ""The blades can detach from the fan while in use, posing an injury hazard to consumers."", ""hazard_type"": null, ""hazard_type_id"": null}]",[],"[{""name"": ""Home Depot stores nationwide and online at homedepot.com from April 2020 through October 2020 for about $150."", ""company_id"": null}]",https://www.cpsc.gov/Recalls/2021/King-of-Fans-Recalls-Hampton-Bay-Mara-Ceiling-Fans-Due-to-Injury-Hazard-Sold-Exclusively-at-Home-Depot,20201228-D1BCA-2147367123,2020-09-10,2021-02-04,Hampton bay,59919,082392599195,It’s a large 54 inch I believe black not shiny.,In the beginning of September my Mara fan that I have on my back porch started wobbeling too bad to use so I made an attempt to tighten the blade . 2 were loose. It worked fine for another few weeks and then began to wobble again so we quit using it again and took it down and haven’t really thought about it  since it’s been too cold to sit out side .,,The Home Depot,Home depot,,2020-08-21,2020-05-15,,,,1,3,0.214286,0.413793,0.375,0.333333,1,0,0,"[""exact_upc"", ""shared_2plus_product_tokens""]",retain_exact_upc,pre_incident_published_after_recall,medium,medium,positive_seed,,
ER-0004,8976,21059,2020-12-23,Hampton Bay 54-inch Mara Indoor/Outdoor Ceiling Fans,King of Fans Recalls Hampton Bay Mara Ceiling Fans Due to Injury Hazard; Sold Exclusively at Home Depot,"This recall involves Hampton Bay 54-inch Mara Indoor/Outdoor ceiling fans in the following finishes: Matte white, matte black, black and polished nickel. The fans came with a white color changing integrated LED light and a remote control. The following UPC numbers for the recalled ceiling fans are printed on a silver rating label located on the top of the fan housing assembly: Ceiling Fan Finish UPC # Matte White 082392519186 Matte Black 082392519193 Black 082392599195 Polished Nickel 082392599188","[{""name"": ""The blades can detach from the fan while in use, posing an injury hazard to consumers."", ""hazard_type"": null, ""hazard_type_id"": null}]",[],"[{""name"": ""Home Depot stores nationwide and online at homedepot.com from April 2020 through October 2020 for about $150."", ""company_id"": null}]",https://www.cpsc.gov/Recalls/2021/King-of-Fans-Recalls-Hampton-Bay-Mara-Ceiling-Fans-Due-to-Injury-Hazard-Sold-Exclusively-at-Home-Depot,20201229-0792C-2147367110,2020-08-14,2021-01-29,King Fan 54 in.Mara/indoor,0000356,082392519193,Hamilton Bay 54 in.Mara indoorFan/Color Black/ 3 color led lights,Fan blade detached while was on resulting in broken TV,,The Home Depot,Homedepot,,2020-08-01,2020-01-01,,,,1,3,0.176471,0.516556,0.375,0.25,0,0,0,"[""exact_upc"", ""shared_2plus_product_tokens""]",retain_exact_upc,pre_incident_published_after_recall,medium,medium,positive_seed,,
ER-0005,8976,21059,2020-12-23,Hampton Bay 54-inch Mara Indoor/Outdoor Ceiling Fans,King of Fans Recalls Hampton Bay Mara Ceiling Fans Due to Injury Hazard; Sold Exclusively at Home Depot,"This recall involves Hampton Bay 54-inch Mara Indoor/Outdoor ceiling fans in the following finishes: Matte white, matte black, black and polished nickel. The fans came with a white color changing integrated LED light and a remote control. The following UPC numbers for the recalled ceiling fans are printed on a silver rating label located on the top of the fan housing assembly: Ceiling Fan Finish UPC # Matte White 082392519186 Matte Black 082392519193 Black 082392599195 Polished Nickel 082392599188","[{""name"": ""The blades can detach from the fan while in use, posing an injury hazard to consumers."", ""hazard_type"": null, ""hazard_type_id"": null}]",[],"[{""name"": ""Home Depot stores nationwide and online at homedepot.com from April 2020 through October 2020 for about $150."", ""company_id"": null}]",https://www.cpsc.gov/Recalls/2021/King-of-Fans-Recalls-Hampton-Bay-Mara-Ceiling-Fans-Due-to-Injury-Hazard-Sold-Exclusively-at-Home-Depot,20201229-521AE-2147367101,2020-11-01,2021-02-04,Hampton Bay,Mara,082392519186,Hampton Bay Mara Ceiling Fan white,"Ceiling fan was running normally for several weeks. I heard a loud crash and thumping. When I ran into my living room I saw the fan spinning wildly from being of balance and hitting against the ceiling. One of the fan blades was thrown from the unit and landed on the other side of the room. Fortunately we were home and in the next room, and able to turn it off immediately. No one was injured and the blade miraculously missed a window.",,The Home Depot,Home Depot,,2020-08-01,2020-04-01,,,,1,4,0.4,0.601942,0.5,0.666667,1,1,0,"[""exact_upc"", ""shared_2plus_product_tokens""]",retain_exact_upc,pre_incident_published_after_recall,medium,high,positive_seed,,
ER-0006,8976,21059,2020-12-23,Hampton Bay 54-inch Mara Indoor/Outdoor Ceiling Fans,King of Fans Recalls Hampton Bay Mara Ceiling Fans Due to Injury Hazard; Sold Exclusively at Home Depot,"This recall involves Hampton Bay 54-inch Mara Indoor/Outdoor ceiling fans in the following finishes: Matte white, matte black, black and polished nickel. The fans came with a white color changing integrated LED light and a remote control. The following UPC numbers for the recalled ceiling fans are printed on a silver rating label located on the top of the fan housing assembly: Ceiling Fan Finish UPC # Matte White 082392519186 Matte Black 082392519193 Black 082392599195 Polished Nickel 082392599188","[{""name"": ""The blades can detach from the fan while in use, posing an injury hazard to consumers."", ""hazard_type"": null, ""hazard_type_id"": null}]",[],"[{""name"": ""Home Depot stores nationwide and online at homedepot.com from April 2020 through October 2020 for about $150."", ""company_id"": null}]",https://www.cpsc.gov/Recalls/2021/King-of-Fans-Recalls-Hampton-Bay-Mara-Ceiling-Fans-Due-to-Injury-Hazard-Sold-Exclusively-at-Home-Depot,20210205-03A4F-2147366028,2020-12-29,2021-03-10,Hampton Bay,,082392519193,Black 54 inch white dome light.,"One of our wings flew off, ceiling fan.",,The Home Depot,Home Depot,,2020-12-16,2020-12-15,,,,1,3,0.25,0.574468,0.375,0.428571,1,0,0,"[""exact_upc"", ""shared_2plus_product_tokens""]",retain_exact_upc,incident_on_or_after_recall,medium,medium,positive_seed,,
ER-0007,9044,21737,2021-04-22,Welmate Lidocaine Numbing Cream,YYBA Recalls Welmate Lidocaine Numbing Cream Due to Failure to Meet Child Resistant Packaging Requirement; Risk of Poisoning (Recall Alert),"This recall involves Welmate Lidocaine Numbing Cream in a 113 g (4 oz.) white jar with a blue, orange and green label and a white cap. ""Welmate,"" ""5% Lidocaine,"" the Welmate logo and UPC code 373581105045 or 373581000012 are printed on the label. The lot numbers and corresponding expiration dates included in the recall are printed on the underside of the jar as follows: Lot Numbers Expiration Dates ELNC2001 05/2022 ELNC2002 05/2022 EL5C2001 11/2022 EL5C2002 11/2022 EL5C2101 11/2022 EL5C2102 11/2022","[{""name"": ""The packaging is not child resistant as required by the Poison Prevention Packaging Act. The pain relieving cream contains lidocaine, posing a risk of poisoning to young children if they put it on their skin or ingest it."", ""hazard_type"": null, ""hazard_type_id"": null}]","[{""name"": ""Yash Pharmaceuticals, of India"", ""company_id"": null}]","[{""name"": ""Online at Amazon.com, Ebay.com, Walmart.com and wellspringmeds.com from August 2020 through March 2021 for about $20."", ""company_id"": null}]",https://www.cpsc.gov/Recalls/2021/YYBA-Recalls-Welmate-Lidocaine-Numbing-Cream-Due-to-Failure-to-Meet-Child-Resistant-Packaging-Requirement-Risk-of-Poisoning-Recall-Alert,20201016-17E2A-2147369186,2020-10-07,2020-11-20,Lidocaine Numbing Cream,4oz,373581000012,4oz lidocaine cream,"I bought welmate 5% lidocaine cream, it does not have a child proof lid.",,Wellsprings Medical,amazon.com,,,2020-05-06,,,,1,3,0.6,0.589744,0.75,0.75,1,0,0,"[""exact_upc"", ""shared_2plus_product_tokens""]",retain_exact_upc,pre_recall_public,medium,high,positive_seed,,
ER-0008,9069,21137,2021-05-19,Cheyenne Products Mainstay folding metal padded chairs and barstools,Cheyenne Products Recalls Folding Chairs and Barstools Due to Fall Hazard,"This recall involves multiple styles of metal folding chairs and barstools with padded seats upholstered in vinyl or microfiber and sold under the Mainstay brand name. A white sticker label on the bottom of the seats includes the name Cheyenne Products or Cheyenne Industries and lists the production date by month and year. Another white sticker label on the bottom of the seat displays a barcode with the model number printed above the barcode, and the UPC printed below the barcode. The affected models are: UPC Cheyenne Products Model Numbers Seat Height Paint Color Padding Upholstery Vinyl Padding Upholstery Microfiber Production Dates of Affected Units (month/year) 050276993391 FB1477 18"" Black Beige 8/2015 - 9/2016 050276996712 FB1477-R, CPFB1477-R 18"" Black Beige 5/2016 - 6/2019 050276994480 FB1477FL-COM, CPFB1477FL-COM 18"" Black Brown 12/2015 - 5/2019 050276993445 FB1479-24 24"" Bronze Beige 6/2015 - 11/2017 050276996699 FB1479-R-24, CPFB1479-R-24 24"" Bronze Beige 5/2016 - 2/2019 050276993414 FB1479 29"" Bronze Beige 6/2015 - 11/2017 050276996705 FB1479-R-29, CPFB1479-R-29 29"" Bronze Beige 5/2016 - 6/2019 050276984863 FBS99-24, CPFBS-24 24"" Bronze Beige 7/2013 - 3/2021 050276994466 FBS99-24FL-COM, CPFBS99-24FL-COM 24"" Gun Metal Grey Brown 12/2015 - 12/2020 050276994473 FBS99-29FL-COM, CPFBS99-29FL-COM 29"" Gun Metal Grey Brown 12/2015 - 12/2020 050276984870 FBS99-30, CPFBS99-30 29"" Bronze Beige 8/2013 - 4/2021 050276984887 FBS133-24, CPFBS133-24 24"" Bronze Beige 11/2013 - 4/2021 050276994497 FBS133-24FL-COM, CPFBS133-24L-COM 24"" Bronze Brown 12/2015 - 12/2020 050276994503 FBS133-29FL-COM, CPFBS133-29FL-COM 29"" Bronze Brown 12/2015 - 8/2019 050276984894 FBS133-30, CPFBS133-30 29"" Bronze Beige 8/2013 - 4/2021","[{""name"": ""The weld attaching the legs to the seat bottom can break, posing a fall hazard."", ""hazard_type"": null, ""hazard_type_id"": null}]",[],"[{""name"": ""Walmart stores nationwide and Walmart.com from January 2014 through April 2021 for between $30 and $42."", ""company_id"": null}]",https://www.cpsc.gov/Recalls/2021/Cheyenne-Products-Recalls-Folding-Chairs-and-Barstools-Due-to-Fall-Hazard,20211020-4F185-2147359116,2021-10-19,2021-11-05,,,050276996699,"Folding barstool with a back. the circular seat is upholstered with a brown material that is similar to suede. The frame of the chair is some kind of black metal. I bought these barstools in a set of two. In the attached photos, I have photos of the broken barstool and the unbroken barstool.","I was at home, sitting on a backed barstool (I purchased it at Goodwill a few years ago. The tag says ""Walmart.com"" and I have the barcode) at my kitchen table when the barstool suddenly gave way and I fell, hitting my chin on the table and hitting the back of my head on the kitchen floor. I weigh 99 lbs, so I should have been well within the weight limit for this chair.
I received minor cuts on my elbow and neck.
I went to the emergency room an hour later because I was feeling unbalanced. A doctor examined me and told me I likely have a minor concussion that will improve after a few days of rest. The doctor did not recommend imaging.",,"CHEYENNE INDUSTRIES, INC. (dba CHEYENNE HOME FURNISHINGS)",Goodwill,,,,,,,1,3,0.1,0.022599,0.428571,0.115385,0,0,0,"[""exact_upc"", ""shared_2plus_product_tokens""]",retain_exact_upc,incident_on_or_after_recall,low,low,positive_seed,,
ER-0009,9117,21176,2021-08-04,True Living Sling Loungers,"Sling Loungers Sold at Dollar General Recalled Due to Amputation, Laceration, and Pinching Hazard; Manufactured by Shanghai Worth Garden Products",This recall involves True Living Sling Loungers sold in 2019. The loungers have white frames with solid blue or solid green fabric. The 12-digit UPC number 430001047344 is located on the receipt.,"[{""name"": ""The recalled loungers can collapse unexpectedly, posing an amputation, laceration and pinching hazard if finger gets caught in the metal folding joints."", ""hazard_type"": null, ""hazard_type_id"": null}]","[{""name"": ""Shanghai Worth Garden Products Co. Ltd, of Shanghai, China"", ""company_id"": null}]","[{""name"": ""Dollar General stores nationwide from January 2019 through September 2019 for about $20."", ""company_id"": null}]",https://www.cpsc.gov/Recalls/2021/Sling-Loungers-Sold-at-Dollar-General-Recalled-Due-to-Amputation-Laceration-and-Pinching-Hazard-Manufactured-by-Shanghai-Worth-Garden-Products,20210813-AEC26-2147361131,2021-06-01,2021-08-31,Foldable lounge chair,,430001047344,Sling lounger.  430001047344,Yes. The folding chair pinched me bad,,Dollar General Corporation,,,,2019-06-01,,,,1,1,0.111111,0.513514,0.25,0.166667,0,0,0,"[""exact_upc""]",retain_exact_upc,pre_incident_published_after_recall,medium,low,positive_seed,,
ER-0010,9117,21176,2021-08-04,True Living Sling Loungers,"Sling Loungers Sold at Dollar General Recalled Due to Amputation, Laceration, and Pinching Hazard; Manufactured by Shanghai Worth Garden Products",This recall involves True Living Sling Loungers sold in 2019. The loungers have white frames with solid blue or solid green fabric. The 12-digit UPC number 430001047344 is located on the receipt.,"[{""name"": ""The recalled loungers can collapse unexpectedly, posing an amputation, laceration and pinching hazard if finger gets caught in the metal folding joints."", ""hazard_type"": null, ""hazard_type_id"": null}]","[{""name"": ""Shanghai Worth Garden Products Co. Ltd, of Shanghai, China"", ""company_id"": null}]","[{""name"": ""Dollar General stores nationwide from January 2019 through September 2019 for about $20."", ""company_id"": null}]",https://www.cpsc.gov/Recalls/2021/Sling-Loungers-Sold-at-Dollar-General-Recalled-Due-to-Amputation-Laceration-and-Pinching-Hazard-Manufactured-by-Shanghai-Worth-Garden-Products,20211012-EA7F8-2147359205,2021-08-04,2021-10-29,True living,True living sling lounget,430001047344,Sling back lounge chair from dollar general,"Chair collapsed and my sister was injured
Hurt back and tailbone",,Dollar General Corporation,Dollar general,,2019-06-15,,,,,1,3,0.3,0.46729,0.75,0.333333,1,0,0,"[""exact_upc"", ""shared_2plus_product_tokens""]",retain_exact_upc,incident_on_or_after_recall,medium,medium,positive_seed,,
ER-0011,9346,22754,2022-06-30,Lidocaine 4% Topical Anesthetic Cream,Mohnark Pharmaceuticals Recalls Lidocaine Topical Anesthetic Cream Due to Failure to Meet Child-Resistant Packaging Requirement; Risk of Poisoning (Recall Alert),"The recall involves Mohnark Pharmaceuticals Lidocaine 4% Topical Anesthetic Cream. The product was sold in a white tube with a flip-top closure. Mohnark Pharmaceuticals is printed under the blue and green logo on the right side of the product tube. The lot code is located at the bottom of the product tube. The affected lot codes are 01202201, 210201, 210301, 210503, 210505, 210601, 211002 and 210401. The UPC 860002324906 is located on bottom side panel of the packaging.","[{""name"": ""The product contains lidocaine which must be in child resistant packaging as required by the Poison Prevention Packaging Act (PPPA). The packaging is not child resistant, posing a risk of poisoning to young children if they ingest the anesthetic cream."", ""hazard_type"": null, ""hazard_type_id"": null}]","[{""name"": ""Mohnark Pharmaceuticals Inc., of Davie, Fla."", ""company_id"": null}]","[{""name"": ""Online at Amazon.com and Walmart.com from January 2021 through January 2022 for about $7."", ""company_id"": null}]",https://www.cpsc.gov/Recalls/2022/Mohnark-Pharmaceuticals-Recalls-Lidocaine-Topical-Anesthetic-Cream-Due-to-Failure-to-Meet-Child-Resistant-Packaging-Requirement-Risk-of-Poisoning-Recall-Alert,20211025-25E64-2147359061,2021-10-18,2021-11-10,Mohnark,,860002324906,4% Lidocaine Cream in a tube with a flip top cap.  Expiration date:  9/2023,"Monhark 4% Lidocaine Cream does not have the required child safety cap.  The cap is just a regular flip that is very easy to open.  I bought it on Amazon.  Here is the link:

https://www.amazon.com/Lidocaine-4-Topical-Anesthetic-Cream/dp/B08FTL2RMH",,Mohnark Pharmaceuticals Inc.,Amazon.com,,2021-10-18,,,,,1,2,0.166667,0.263158,0.5,0.2,0,0,0,"[""exact_upc"", ""shared_2plus_product_tokens""]",retain_exact_upc,pre_recall_public,low,medium,positive_seed,,
ER-0012,9403,22232,2022-09-29,Toddleroo Rotating Cabinet Latches,North States Industries Recalls Toddleroo Rotating Cabinet Latches Due to Choking Hazard,This recall involves North States Industries' Toddleroo rotating cabinet latches used to childproof cabinets. The white plastic latches were sold in a package of four latches. Each latch measures 3 13/16 inches wide by 1 3/8 inches high by 1/2 inch deep and comes with application adhesive. North States is printed on the center of the latch. Model number 6178 is printed on the top left corner of the product's packaging. And UPC number 0-26107-06178-2 or 0-26107-06177-5 are printed on the bottom left-hand corner of the product packaging.,"[{""name"": ""The latching button can dislodge and detach from the cabinet latches, posing a choking hazard to young children."", ""hazard_type"": null, ""hazard_type_id"": null}]",[],"[{""name"": ""Walmart, BuyBuyBaby and other stores nationwide and online at https://northstatesind.com and other websites from November 2019 through August 2022 for between $5 and $10."", ""company_id"": null}]",https://www.cpsc.gov/Recalls/2022/North-States-Industries-Recalls-Toddleroo-Rotating-Cabinet-Latches-Due-to-Choking-Hazard,20211207-C5C77-2147358516,2021-12-03,2021-12-23,Toddleroo by North states,6178,026107061782,"Toddleroo by Northstates 4 pack rotating cabinet latches, model number 6178,  white, 3 3/4 inches long with 2 white circular tabs measuring 3/4 inches each.","A piece fell off of the cabinet latches I purchased, the piece is small enough to choke on.",,"North States Industries, Inc.",Walmart,,2021-12-02,,,,,1,4,0.25,0.314815,1.0,0.25,0,0,0,"[""exact_upc"", ""shared_2plus_product_tokens""]",retain_exact_upc,pre_recall_public,low,medium,positive_seed,,
ER-0013,9443,23034,2022-11-03,BLACK+DECKER Model HGS011 Easy Garment Steamers,Empower Brands Recalls Black+Decker® Garment Steamers Due to Burn Hazard,"This recall involves BLACK+DECKER ModelHGS011 Easy Garment Steamers with date codes 102ZJ through 210ZJ located on the plug blades. The steamers were sold in a variety of colors. The name BLACK+DECKER is located at the base of the steamer. The steamer measures about 11 inches high by 6 inches wide and has a large handle. The model numbers are printed on the bottom of the steamer and on all sides of the color package, and UPC codes are printed on the sides, back and bottom of the color package. Only steamers without a green dot on the bottom of the package or a notched triangle on the underside of its upper assembly are included in this recall. Model Date Codes UPC HGS011F 102ZJ - 210ZJ 0 50875 82840 7 HGS011S 104ZJ - 210ZJ 0 50875 82839 1 HGS011 102ZJ - 204ZJ 0 50875 82838 4","[{""name"": ""The steamers can expel, spray or leak hot water during use, posing a burn hazard to consumers."", ""hazard_type"": null, ""hazard_type_id"": null}]",[],"[{""name"": ""Walmart, Target, Bed Bath & Beyond and other stores nationwide, including online at www.walmart.com, www.target.com, www.bedbathandbeyond.com and www.blackanddeckerappliances.com from June 2021 through September 2022 for between $16 and $23."", ""company_id"": null}]",https://www.cpsc.gov/Recalls/2023/Empower-Brands-Recalls-Black-Decker-Garment-Steamers-Due-to-Burn-Hazard,20220522-785C7-2147356057,2022-05-22,2022-06-08,Black & Decker,HGS011F,050875828407,Black and Decker HGS011F Easy Garment Steamer,"I purchased a Black & Decker HGS011F Clothing Steamer. I followed all safety precautions, and only filled the water tank to half of the ""Max Fill"" line. As soon as the water heated up, instead of just steam, boiling water came spewing out of the steamer head, nearly burning my hand. I have a video demonstrating this happening. I have reported it to B & D customer support but feel this requires a report to the CSPC as well.

When I tried uploading a video and photos to this report, the CSPC web site returned an error. I have the video available.",,"Spectrum Brands, Inc.",WAL-MART,,2022-05-22,,,,,1,4,0.5,0.761062,0.666667,0.666667,1,0,0,"[""exact_upc"", ""shared_2plus_product_tokens""]",retain_exact_upc,pre_recall_public,high,high,positive_seed,,
ER-0014,8743,20069,2020-02-06,"Sump Pumps sold under Utilitech, Do It and Star Water Systems brands",Star Water Systems Recalls Sump Pumps Due to Fire Hazard,"This recall involves pedestal sump pumps that are used in residential de-watering. The sump pumps are sold under three brand names: Utilitech, Do It and Star Water Systems. The model and manufacture date codes are printed on the nameplate on the sump pump. Only the following model numbers, date codes and UPC codes of the pumps are included in the recall: Brand Name Model # Manufacturing Date Codes UPC Codes Utilitech #148009 1017 - 0219 054757098483 Do It #433063 0214 - 0219 009326405087 Star Water Systems #3CEH 0715 - 0219 054757000721","[{""name"": ""The sump pumps can overheat, posing a risk of fire."", ""hazard_type"": null, ""hazard_type_id"": null}]","[{""name"": ""Junhe Pumps Holding Co., Ltd., of China"", ""company_id"": null}]","[{""name"": ""Lowe's, Do It Best, Orscheln Farm & Home, HEP Sales, Carter Lumber, Theisen's, Falder's, Big R, Holmes Lumber, Schlemmer Hardware, Elnes Marketing, JFW Sales & Marketing, and MK Enterprises and online at Amazon.com from June 2014 through December 2019 for about $100."", ""company_id"": null}]",https://www.cpsc.gov/Recalls/2020/Star-Water-Systems-Recalls-Sump-Pumps-Due-to-Fire-Hazard,20210223-AD8B0-2147365716,2021-02-20,2021-03-30,Insinkerator,SST,Not known,"Insinkerator Under-sink instant hot water heater

Model SST","Following is my review of the Insinkerator SST instant hot water heater on the Walmart website, that explains the issue.  There were no injuries, but there is likely a potential for electric shock or  fire.  UPC number and manufacturing date are not shown on the product.  I can't remember where purchased--it was an on-line website.
""[Name Redacted], in his March 2020 review on the Walmart website, got it right:  the Insinkerator SST under-sink instant water heater has a design flaw, with the vinyl tube that is in contact with the hot water tank getting brittle and cracking, causing a water leak.  After reading the review, I opened up my ~5-year-old leaking SST unit and sure enough--the tube was exactly as described in the review:  discolored dark brown and had a hard scabby cracked area where it contacted the tank, that was the source of the leak (see photo).  The leak caused water to drip on the electrical components below the tank.  Any time that electrical components get wet, there is a presumed possibility of hazards such as shock and fire.  Not to mention water damage to kitchen cabinetry.
[Name Redacted] noted that he spliced a length of copper tube in place of the vinyl tube and has had several years of satisfactory leak-free service from his unit.  But it may not be a good idea to continue using any electrical device that has had its electrical components drenched in water.  I did some research, and it looks like vinyl tubing has a maximum temperature limit of around 140 to 160 degrees F, which makes it obvious that vinyl tubing is inappropriate for contact with a hot water tank at near-boiling water temperature (212 F).  The Insinkerator engineers couldn't figure this out?  Perhaps food-grade silicone tubing, with a temperature limit of over 400F, well above water boiling point, might be a better design choice.""",,InSinkErator,,,,,,,,0,2,0.142857,0.394366,0.25,0.25,0,0,0,"[""shared_2plus_product_tokens""]",top_ranked_non_upc_candidate,incident_on_or_after_recall,low,low,unlabeled,,
ER-0015,8747,20072,2020-02-13,Harbor Breeze Santa Ana ceiling fan,Fanim Industries Recalls Harbor Breeze Santa Ana Ceiling Fan Due to Injury Hazard; Sold Exclusively at Lowe's Stores,"This recall involves Harbor Breeze 48-inch Santa Ana Ceiling Fan, model LP8294LBN, UPC code 840506599178. The model number can be on the fan motor as well as on the inside of the battery compartment cover of the included handheld remote control. The recalled fan has two dark walnut fan blades, brushed nickel blade arm holders and a frosted white glass globe containing a light bulb.","[{""name"": ""The fan's blade holders can break allowing the blade to be ejected from the fan, posing an injury hazard to consumers."", ""hazard_type"": null, ""hazard_type_id"": null}]","[{""name"": ""Fanim Industries, of Zionsville, Ind."", ""company_id"": null}]","[{""name"": ""Lowe's stores nationwide and online at www.lowes.com May 2014 through January 2016 for about $150."", ""company_id"": null}]",https://www.cpsc.gov/Recalls/2020/Fanim-Industries-Recalls-Harbor-Breeze-Santa-Ana-Ceiling-Fan-Due-to-Injury-Hazard-Sold-Exclusively-at-Lowes-Stores,20210418-C99EE-2147364668,2021-04-17,2021-05-05,Harbor Breeze Santa Ana Ceiling Fan,LP8294,,"Harbor Breeze Santa Ana Ceiling Fan 48""",Harbor Breeze Santa Ana Ceiling Fan blade flew off,,Fanimation,Lowes,,2015-05-15,2015-03-12,,,,0,6,0.857143,0.603448,1.0,0.857143,1,0,0,"[""shared_2plus_product_tokens""]",top_ranked_non_upc_candidate,incident_on_or_after_recall,medium,high,unlabeled,,
ER-0016,8785,20102,2020-04-02,Musical Lili Llama,Manhattan Toy Recalls Musical Lili Llama Due to Choking Hazard,"This recall involves Musical Lili Llama wooden activity toy. The llama-shaped wood toy has a multi-colored metal xylophone on the top, two wood mallets, a detachable maraca tail on the back, four spinning squares on the front, two clacking panels on the sides and two spinning flowers on the sides. Lot code 217120 IL is printed on the inside of the side panel below the company name and address.","[{""name"": ""The screws used to attach the spinning flowers to the sides of the toy can become loose and fall off, posing a choking hazard for young children."", ""hazard_type"": null, ""hazard_type_id"": null}]",[],"[{""name"": ""Toy stores nationwide and online at www.manhattantoy.com, Amazon.com and other websites from October 2019 through February 2020 for about $50."", ""company_id"": null}]",https://www.cpsc.gov/Recalls/2020/Manhattan-Toy-Recalls-Musical-Lili-Llama-Due-to-Choking-Hazard,20200403-37D49-2147373082,2020-02-01,2020-04-24,Manhattan Toy,Musical Lili Llama,,Manhattan Toy Recalls Musical Lili Llama,"I bought the Manhattan Toy  Musical Lili Llama
And when my baby played with the spinning flowers on the sides of the toy the flower fell off And the screw came out. I sew it before she put the scew in her mouth",,Manhattan Toy,Amazon,,2019-11-11,,,,,0,3,0.6,0.395604,1.0,0.6,0,1,0,"[""shared_2plus_product_tokens""]",top_ranked_non_upc_candidate,pre_incident_published_after_recall,low,high,unlabeled,,
ER-0017,8794,20111,2020-04-16,Wyndmere Birch Sweet Essential Oil and Aches and Pains Synergistic Blend,Wyndmere Naturals Recalls Birch Sweet Essential Oil and Aches & Pains Synergistic Essential Oil Blend Due to Failure to Meet Child Resistant Packaging Requirement; Risk of Poisoning,"This recall involves Birch Sweet Essential Oil in a 10 mL cobalt blue glass bottle with a black cap and a yellow label. ""Wyndmere,"" ""Birch Sweet,"" ""Pure Essential Oil,"" and UPC code 602444000907 are printed on the label. The batch number 12717-65 is printed on the bottom of the bottle in yellow ink. The Aches & Pains Synergistic Blend was sold in a 10 mL cobalt blue glass bottle with a black cap and blue label. ""Wyndmere,"" ""Aches & Pains,"" ""Synergistic Blend,"" and UPC code 602444010609 are printed on the label. Batch number 112019-65 is printed on the bottom of the bottle in yellow ink.","[{""name"": ""The product contains the substance methyl salicylate which must be in child resistant packaging as required by the Poison Prevention Packaging Act (PPPA). The packaging of the product is not child resistant, posing a risk of poisoning if the contents are swallowed by young children."", ""hazard_type"": null, ""hazard_type_id"": null}]","[{""name"": ""Wyndmere Naturals Inc., of New Hope, Minn."", ""company_id"": null}]","[{""name"": ""Grocery stores and online at Amazon.com and wyndmerenaturals.com from January 2020 through March 2020 for between $7 and $12."", ""company_id"": null}]",https://www.cpsc.gov/Recalls/2020/Wyndmere-Naturals-Recalls-Birch-Sweet-Essential-Oil-and-Aches-and-Pains-Synergistic-Essential-Oil-Blend-Due-to-Failure-to-Meet-Child-Resistant-Packaging-Requirement-Risk-of-Poisoning,20200705-B2E40-2147371293,2020-07-02,2020-08-07,Edens Garden Birch Essential OIl,,,"Edens Garden Birch Essential Oil, 100% Pure Therapeutic Grade (Highest Quality Aromatherapy Oils- Massage & Pain), 10 ml","email from Amazon

We have learned of a potential safety issue that may impact your Amazon purchase(s) below:
Edens Garden Birch Essential Oil, 100% Pure Therapeutic Grade (Highest Quality Aromatherapy Oils- Massage & Pain), 10 ml
UPC/SKU: B0046VXMQI
03/04/2020 - 114-6819482-1480246 - Edens Garden Birch Essential Oil, 100% Pure Therapeutic Grade (Highest Quality Aromatherapy Oils- Massage & Pain), 10 ml

The cap is not childproof. This said, there has not been an incident involving a child or person. Just reporting that I purchased this product.",,EDEN'S GARDEN,Amazon,,2020-03-04,,,,,0,3,0.142857,0.37788,0.333333,0.2,0,0,0,"[""shared_2plus_product_tokens""]",top_ranked_non_upc_candidate,incident_on_or_after_recall,low,low,unlabeled,,
ER-0018,8807,20115,2020-04-30,Rechargeable battery packs,Modular Robotics Recalls Rechargeable Battery Packs Due to Burn Hazard,"This battery pack was sold individually, and also within Classroom Kits and GoPiGo and BrickPi robotic bundles. It is a 9.6V 2000Ah NiMH battery pack with Max Charge Current 2A and is wrapped in black plastic. ""Dexter Industries Rechargeable Battery Pack"" is printed on a white label on the battery pack.","[{""name"": ""The rechargeable battery packs can short circuit, causing them to overheat, posing a burn hazard to consumers."", ""hazard_type"": null, ""hazard_type_id"": null}]",[],"[{""name"": ""Online at Dexterindustries.com from March 2018 through January 2020 for about $38."", ""company_id"": null}]",https://www.cpsc.gov/Recalls/2020/Modular-Robotics-Recalls-Rechargeable-Battery-Packs-Due-to-Burn-Hazard,20230811-A684D-4329967,2023-08-02,2023-09-06,Limerick,,,Limerick rechargeable battery,[REDACTED] AC Adapter used to charge a breast pump overheated while charging causing melting and charring of the adapter. Homeowner noticed an electrical smell and visible smoke coming from breast pump case while unit was charging. AC Adapter was connected to a Limerick rechargeable battery.,,"LIMERICK, INC.",,,,,,,,0,2,0.5,0.625,0.666667,0.666667,0,0,0,"[""shared_2plus_product_tokens""]",top_ranked_non_upc_candidate,incident_on_or_after_recall,medium,high,unlabeled,,
ER-0019,8815,20121,2020-05-14,Swurfer Kiwi Baby and Toddler Swings,Flybar Recalls Swurfer Baby and Toddler Swings Due to Fall Hazard,"This recall involves the Swurfer brand Kiwi Baby and Toddler Swings. The plastic swing is sold in green, blue and pink. The swing attaches to a swing set or a tree branch. The swing measures about 15 inches wide, by 10 inches deep and 20 inches high. The swing weighs about 4 pounds. FlyBar, Inc. and Kiwi Swing SSW-0005 are printed on the underside of the swing. The manufacture date code of August 2019 is embossed on the back of the swing.","[{""name"": ""The plastic stopper on the bottom of the swing rope that holds the swing seat in place can detach, posing a fall hazard to the swing's occupant."", ""hazard_type"": null, ""hazard_type_id"": null}]",[],"[{""name"": ""Online at Swurfer.com, FlyBar.com, Amazon.com, Walmart.com and at independent stores nationwide from October 2019 through March 2020 for about $80."", ""company_id"": null}]",https://www.cpsc.gov/Recalls/2020/Flybar-Recalls-Swurfer-Baby-and-Toddler-Swings-Due-to-Fall-Hazard,20200924-11FF2-2147369607,2020-09-23,2020-11-10,swurfer kiwi swing,Swurfer Kiwi Baby and Toddler Swings,,Green and brown baby swing,"The rope on the bottom left part of the swing came unglued from the piece of plastic holding it in, leaving baby dangling.",,"Flybar, Inc.",be beep toy store,,2020-06-16,,,,,0,5,0.625,0.610169,1.0,0.625,0,1,0,"[""shared_2plus_product_tokens""]",top_ranked_non_upc_candidate,incident_on_or_after_recall,medium,high,unlabeled,,
ER-0020,8839,20751,2020-06-18,Recreational off-highway vehicles (ROVs),Recreational Off-Highway Vehicles Recalled by American Honda Due to Crash and Injury Hazards (Recall Alert),"This recall involves certain Model Year 2019 & 2020 Honda Pioneer 1000 and Talon 1000 side-by-side vehicles. The recalled vehicles were sold in various colors, including: red, blue, green, gray and yellow. The name ""HONDA"" is on the front, sides and the rear of the vehicle. The model name Pioneer 1000 or Talon is printed on a label located on both sides of the vehicle. For the Pioneer 1000, the serial number (VIN #) is stamped in the frame at the left rear, below the tilt-up bed/seat. For the Talon 1000, the VIN# is stamped on the left side of the frame, under the left front fender. MY Model VIN Start VIN End 2019 Pioneer 1000 - 3 Passenger (SXS10M3*) 1HFVE04**K4300061 1HFVE04**K4301919 2019 Pioneer 1000 - 5 Passenger (SXS10M5*) 1HFVE04**K4300061 1HFVE04**K4302460 2019 Talon 1000 - 2 Passenger (SXS10S2*) 1HFVE05**K4000003 1HFVE05**K4003902 2020 Pioneer 1000 - 3 Passenger (SXS10M3*) 1HFVE04**L4400001 1HFVE04**L4402426 2020 Pioneer 1000 - 5 Passenger (SXS10M5*) 1HFVE04**L4400001 1HFVE04**L4402984 2020 Talon 1000 - 2 Passenger (SXS10S2*) 1HFVE05**L4100001 1HFVE05**L4102280 2020 Talon 1000 - 4 Passenger (SXS10S4*) 1HFVE06**L4000002 1HFVE06**L4002100","[{""name"": ""The ROV can move or roll when in the park position, posing crash and injury hazards."", ""hazard_type"": null, ""hazard_type_id"": null}]","[{""name"": ""American Honda Motor Co., Inc., of Torrance, Calif."", ""company_id"": null}]","[{""name"": ""Authorized Honda Powersports dealers nationwide, from November 2018 through March 2020, for between $15,000 and $24,000."", ""company_id"": null}]",https://www.cpsc.gov/Recalls/2020/Recreational-Off-Highway-Vehicles-Recalled-by-American-Honda-Due-to-Crash-and-Injury-Hazards-Recall-Alert,20210820-51677-2147360986,2021-08-19,2021-09-09,Honda,2017 Honda Pioneer 1000 5 Passenger LE,,Recreational off-highway vehicles (ROVs).      2017 Honda Pioneer 1000 5 Passenger Limited Edition   [REDACTED],"I was driving my  2017 Honda Pioneer 1000 5 Passenger  [REDACTED]  in the desert on Bureau of Land Management land north of Lake Pleasant, Arizona.  I came to a cattle gate so I placed the vehicle into Park and left it running.  I opened the gate, drove through the gate, placed  the vehicle into park and kept it running.  I went to close the cattle gate.  Probably 30 seconds had passed when I heard a clunk, and watched my Pioneer start moving  down the hill.   After rolling about 50-75 feet it came to rest near a tree.  Rocks on the trail had helped to keep it's speed down.  I did not see any damage.  I verified that the shift lever was still in Park.   I used the vehicle for the rest of the day without issue, however for safety, I turned the wheels appropriately and used a rock to block the tire.  This is a major safety issue as I could have had a passenger in the vehicle and this could have been on a shelf road with a 500-1000 foot drop.  There has already been a recall issued for this problem on ""2019 and 2020 Honda Pioneer 1000 5 Passenger"" vehicles.  ""Hazard: The ROV can move or roll when in the park position, posing crash and injury hazards.""   Now I am reporting an incident with the 2017 model year.",,"American Honda Motor Co., Inc.",Western Honda Powersports,,2018-09-11,,,,,0,5,0.384615,0.417582,1.0,0.384615,0,0,0,"[""shared_2plus_product_tokens""]",top_ranked_non_upc_candidate,incident_on_or_after_recall,medium,medium,unlabeled,,
ER-0021,8868,20157,2020-07-28,Prestige Solo & Prestige Excellence condensing gas boilers,Triangle Tube Recalls to Repair Gas Boilers Due to Risk of Carbon Monoxide Hazard; One Death Reported; In-Home Remedy May Be Delayed Due To COVID-19 Restrictions,"This recall involves 22 models of the Prestige Solo & Prestige Excellence condensing gas boilers manufactured between November 2011 and October 2019, for residential and light commercial use. These wall-hung condensing gas boilers are housed in a white metal box. The name ""Prestige"" is printed on the white front panel and on the outside of the cardboard packing box. You can identify whether you have an affected boiler using the firm's ""how to"" document at www.triangletube.com. The boilers included in this recall have the following serial number ranges: Product Name Models by Prefix Serial Number Range located on Boiler Rating Label Date of Manufacture Prestige Solo -Prefix: PT PT 60, PT110, PT 110LP, PT175, PT250, PT399, PT399HP PT0000110 to PT0053776 or PTA002645 through PTA09800 or AE1100 through AE1239 November 2011 through December 2015 Prestige Solo - Prefix: PA PA80, PA110, PA155, PA175, PA250, PA299, PA399 PA044928 through PA139939 January 2016 through March 2019 Prestige Excellence - Prefix: PTE or PTEA PTE 110 PTE0000568 through PTE 053690 and PTEA002889 through PTEA 003086 November 2011 through December 2015 Prestige Excellence - Prefix: PEA or PEB2 PEA 110 PEB2 110 PEA 078169 through PEA143958 and PEB2157356 through PEB2159813 January 2016 through March 2019 Prestige Solo - Prefix: PB PB80, PB110, PB155, PB175, PB250, PB299, PB399 PB2152110 through PB2163489 April 2019 through October 2019","[{""name"": ""Flue gas can escape from the gas boilers if the vent adapter is not securely reattached to the boiler after maintenance or repair, posing a carbon monoxide poisoning hazard to consumers."", ""hazard_type"": null, ""hazard_type_id"": null}]","[{""name"": ""Burnsen SA, of Belgium"", ""company_id"": null}]","[{""name"": ""Wholesale distributors and installed by independent contractors nationwide from November 2011 through July 2020 for between $3,400 and $9,700."", ""company_id"": null}]",https://www.cpsc.gov/Recalls/2020/Triangle-Tube-Recalls-to-Repair-Gas-Boilers-Due-to-Risk-of-Carbon-Monoxide-Hazard-One-Death-Reported-In-Home-Remedy-May-Be-Delayed-Due-To-COVID-19-Restrictions,20220126-E3380-2147357818,2022-01-14,2022-04-06,U.S. Boiler Company Inc.,K2WT-100,,U. S. Boiler Company Condensing high Efficiency Gas Fired hot Water Boiler,"My son and I own several residential rental properties. Over the past 2 years we have had a plumber install 5 new U.S. Boiler Company Condensing High Efficiency  Gas Fired hot Water Boilers Model #K2WT-100. Over the past year we have had 3 separate instances of malfunctioning gas valves with the most recent incident the gas valve spewing natural into the basement of the home. In all cases the gas valve was replaced, but we are concerned that these incidents are more than a coincidence.",,"U.S. BOILER COMPANY, INC.","Bradley & Sons , Cresson, PA 16630",,2020-04-18,2020-01-10,,,,0,2,0.142857,0.3875,0.333333,0.2,0,0,0,"[""shared_2plus_product_tokens""]",top_ranked_non_upc_candidate,incident_on_or_after_recall,low,low,unlabeled,,
ER-0022,8870,20768,2020-07-30,Valor H5 gas fireplace,Miles Industries Recalls Gas Fireplaces Due to Burn and Laceration Hazards (Recall Alert),This recall involves two models of Valor H5 propane gas fireplaces: Model 1150ILP with serial number ranging from 20001 through 20365 and model 1150JLP with serial number ranging from 20366 through 21502. The recalled fireplaces were sold in seven different trim and front options with a log set and a mesh barrier screen that was installed in front of the glass. The fireplaces are a fully enclosed rectangular sheet metal box with a glass front. The exhaust is vented to the outside through a ventilation duct. The model number and serial number are printed on a rating sheet behind the trim.,"[{""name"": ""Delayed ignition due to pilot degradation can cause gas in the fireplace to accumulate prior to burner ignition. When ignition takes place, it can cause the glass window to shatter, posing burn and laceration hazards."", ""hazard_type"": null, ""hazard_type_id"": null}]","[{""name"": ""Miles Industries Ltd., of Canada"", ""company_id"": null}]","[{""name"": ""Southern Fireplaces & More, Custom Hearth, On Fire, Abercrombie & Co., Southern Hearth & Patio stores and other Specialty Hearth stores from July 2014 through March 2020 for between $3,700 and $5,500 (not including installation)."", ""company_id"": null}]",https://www.cpsc.gov/Recalls/2020/Miles-Industries-Recalls-Gas-Fireplaces-Due-to-Burn-and-Laceration-Hazards-Recall-Alert,20220223-64D2B-2147357468,2022-02-23,2022-03-29,Valor,m#5341LN,,Valor Gas Fireplace,"Our Valor Gas Fireplace, model number 5341LN serial number 534n100115 has been acting funny with delayed ignition and then quit working. I had a repair person come look at it and he diagnosed it as needing a gas valve replacement. I looked the issue up online and noted that this company had another model that had similar issues and that they had recalled it. I then called them up to report the issue and they said they were not concerned as my fireplace was a different model than the one they had recalled. I suggested that their definition of concern is very different than mine.",,Valor Fireplaces,,,,,,,,0,3,0.75,0.75,1.0,0.75,1,0,0,"[""shared_2plus_product_tokens""]",top_ranked_non_upc_candidate,incident_on_or_after_recall,high,high,unlabeled,,
ER-0023,8870,20768,2020-07-30,Valor H5 gas fireplace,Miles Industries Recalls Gas Fireplaces Due to Burn and Laceration Hazards (Recall Alert),This recall involves two models of Valor H5 propane gas fireplaces: Model 1150ILP with serial number ranging from 20001 through 20365 and model 1150JLP with serial number ranging from 20366 through 21502. The recalled fireplaces were sold in seven different trim and front options with a log set and a mesh barrier screen that was installed in front of the glass. The fireplaces are a fully enclosed rectangular sheet metal box with a glass front. The exhaust is vented to the outside through a ventilation duct. The model number and serial number are printed on a rating sheet behind the trim.,"[{""name"": ""Delayed ignition due to pilot degradation can cause gas in the fireplace to accumulate prior to burner ignition. When ignition takes place, it can cause the glass window to shatter, posing burn and laceration hazards."", ""hazard_type"": null, ""hazard_type_id"": null}]","[{""name"": ""Miles Industries Ltd., of Canada"", ""company_id"": null}]","[{""name"": ""Southern Fireplaces & More, Custom Hearth, On Fire, Abercrombie & Co., Southern Hearth & Patio stores and other Specialty Hearth stores from July 2014 through March 2020 for between $3,700 and $5,500 (not including installation)."", ""company_id"": null}]",https://www.cpsc.gov/Recalls/2020/Miles-Industries-Recalls-Gas-Fireplaces-Due-to-Burn-and-Laceration-Hazards-Recall-Alert,20220311-0A965-3624833,2022-02-01,2022-04-21,Heatilator,NBV36301,,gas fireplace,"The respondent ([REDACTED], local svc. tech),) contacted the recall firm and spoke with a rep. (name unknown).  The rep. told the respondent that they came out in 2014 and inspected the unit to see if it was impacted by the recall.  

Back in 2014, the firm’s technician indicated that based upon the inspection, nothing was wrong with the fireplace and no service was needed..

The caller, nor the homeowner, remembers if the unit was inspected after the recall was issued.


2022:  Currently, the gas valve sticks and the igniter sparks for a long time.  Therefore, the fireplace flame does not ignite and the spark doesn’t catch fire.  Its estimated that the problem started in 2021.  However, the caller said he did not realized that the product had been recalled.

[REDACTED] said he checked the fireplace in 2021 and he was able to resolve the issue of the valve sticking.  However, the problem returned in 2022 and he believes it may be related to CPSC Recall: #14-276.  [REDACTED] did not work on the unit this year.  

He went to the firm’s website and found authorized dealers in their area.  One company only works on units they installed.  Another company, never returned their call.

The firm’s rep’s created 2 different case numbers, after the consumer and [REDACTED] called them.  However, the firm is unwilling to service the unit again, unless the consumer pays for one of their authorized service companies to inspect it first.


NOTE:  [REDACTED] filed the report on behalf of the consumer (homeowner), but she may add more details upon receipt of this report",,Heatilator,,,,,,,,0,2,0.4,0.690909,0.666667,0.5,0,0,0,"[""shared_2plus_product_tokens""]",top_ranked_non_upc_candidate,incident_on_or_after_recall,medium,high,unlabeled,,
ER-0024,8904,20185,2020-09-16,Dual Fuel Portable Generators,MWE Investments Recalls Westinghouse Portable Generators Due to Fire Hazard,"This recall involves Westinghouse WGen5300DFv Dual Fuel Portable Generators and Westinghouse iGen4500DF Dual Fuel Inverter Portable Generators with manufacture dates from October 2019 through December 2019. The dual fuel generators can run on gasoline or propane. The WGen5300DFv has a bright blue and black metal exterior and has ""Westinghouse"" and ""WGen5300DFv"" printed in white lettering on the control panel on the side of the generator. The generator has a fold down handle and wheels for portability. The generator measures about 23.3 inches long by 20 inches wide inches by 19.29 inches tall without its wheel kit. It weighs about 129 pounds. The iGen4500DF has a bright blue plastic cover and has ""Westinghouse iGen4500DF"" printed in white lettering on both side panels. The generator measures about 29.7 inches long by 19.7 wide inches by 22 inches tall. It weighs about 105 pounds. Affected units will have one of the following serial numbers, which can be found on the unit's back panel (the ""x"" fields are specific to individual units): 04511A1019xxxxxxxxx 04511A1219xxxxxxxxx 5311A1219xxxxxxxxx","[{""name"": ""The recalled portable generators can leak fuel, posing a fire and burn hazard."", ""hazard_type"": null, ""hazard_type_id"": null}]",[],"[{""name"": ""The WGen500DFv was sold at Sam's Club nationwide and online at SamsClub.com. The iGen4500DF was sold online at amazon.com, homedepot.com, lowes.com, electricgeneratorsdirect.com, powerequipmentdirect.com, norwall.com, and other online locations. The generators were sold from January 2020 through May 2020 for between $450 and $1,050, depending on the model."", ""company_id"": null}]",https://www.cpsc.gov/Recalls/2020/MWE-Investments-Recalls-Westinghouse-Portable-Generators-Due-to-Fire-Hazard,20220507-9D513-2147356323,2022-05-03,2022-05-27,Westinghouse,4500DF,,"Westinghouse 4500DF Dual Fuel portable generator, blue.","I plugged the supplied charging cord into my Westinghouse 4500DF generator to charge the battery.  A few hours later I discovered smoke coming from the eaves of my shed, where the generator was stored and charging.  Upon opening the shed I found extreme heat, heavy smoke, and a totally destroyed generator along with fire extension from the generator fire and heat and smoke damage throughout the shed.",,MWE Investments LLC,Home Depot,,2021-01-22,,,,,0,3,0.375,0.54902,0.75,0.428571,0,0,0,"[""shared_2plus_product_tokens""]",top_ranked_non_upc_candidate,incident_on_or_after_recall,medium,medium,unlabeled,,
ER-0025,8908,20191,2020-09-23,Kobalt Brand 40-volt Lithium Ion Cordless Electric Chainsaws,Kobalt Cordless Electric Chainsaws Sold Exclusively at Lowe's Stores Recalled Due to Laceration Hazard; Distributed by Hongkong Sun Rise Trading,"This recall involves Kobalt brand 40-volt lithium ion 12-inch cordless electric chainsaws. Date codes from 11/01/13 to 03/31/20 are included in the recall. The chain saws are blue and black. ""Kobalt,"" ""40v max"" and ""12 in. 30 cm"" are printed on the chain saw. The model number and date code are printed on the label located in the rear handle. The UPC is located on the box. Description Model Number UPC Kobalt 40-volt Lithium-Ion 12-in Cordless Electric Chainsaw (Battery Included) KCS 120-07 84182102474-1 Kobalt 40-volt Lithium-Ion 12-in Cordless Electric Chainsaw (Battery Not Included) KCS 120 84182101749-1","[{""name"": ""The chainsaw can remain in the \""on\"" position, posing a laceration hazard to consumers."", ""hazard_type"": null, ""hazard_type_id"": null}]","[{""name"": ""Changzhou Globe Co. Ltd., of China"", ""company_id"": null}]","[{""name"": ""Lowe's Stores nationwide and online at Lowes.com from January 2014 through March 2020 for about $200."", ""company_id"": null}]",https://www.cpsc.gov/Recalls/2020/Kobalt-Cordless-Electric-Chainsaws-Sold-Exclusively-at-Lowes-Stores-Recalled-Due-to-Laceration-Hazard-Distributed-by-Hongkong-Sun-Rise-Trading,20211123-8BBE1-3502987,2020-09-28,2022-01-21,Kobalt,"40-volt  Lithium-Ion 12"" Cordless",,"Kobalt  40-volt  Lithium-Ion 12"" Cordless Electric Chainsaws","RE: Recall Number 20-191
Company is unresponsive- cannot remediate the problem

Dear US CPSC Representative:

I received the attached recall notice. As instructed, I called the phone number to look at remediation options. However, after 34 minutes on hold I gave up.

Next, I referenced their website address as instructed. However, after clicking the links it just instructed me to call the same number. I foolishly called again and now I have been on hold over one hour. This is completely unacceptable for a $200 chainsaw.

I need it to operate safely but I also cannot spend on unreasonable amount of time on hold. Then I sent them a fax but they have not responded.

The recall is completely worthless if the company is unresponsive and offers no reasonable way to contact them to fix their defective product.

Please apply pressure to make them actually honor their recall agreement.

Regrettably
[REDACTED]",,"LF, LLC",,,,,,,,0,7,0.875,0.692308,0.875,1.0,1,0,0,"[""shared_2plus_product_tokens""]",top_ranked_non_upc_candidate,incident_on_or_after_recall,medium,high,unlabeled,,
ER-0026,8909,20192,2020-09-23,Kobalt brand 40-volt Lithium Ion 8-inch Cordless Electric Pole Saws,Kobalt Cordless Electric Pole Saws Sold Exclusively at Lowe's Stores Recalled Due to Laceration Hazard; Distributed by Hongkong Sun Rise Trading,This recall involves Kobalt brand 40-volt lithium ion 8-inch cordless electric pole saws manufactured from January 2017 through February 2019. Date codes from 01/01/17 to 02/28/19 are included in the recall. The item number and date code are printed on the side of the guide bar near the oil cap. Kobalt is printed on the side of the unit. Item Number Description 796791 Kobalt 49v 2.5AH Pole Saw 1083769 Kobalt 40v Pole Saw Bare Tool 970801 40v Pole Hedge Saw Combo Kit 812419 SOS Kobalt 40v Pole Saw 812424 SOS Kobalt 40v Pole Saw Tool Only,"[{""name"": ""The switch on the recalled pole saws can fail while under a heavy load, and cause the unit to continue running after the user releases the trigger, posing a laceration hazard to consumers."", ""hazard_type"": null, ""hazard_type_id"": null}]","[{""name"": ""Changzhou Globe Co. Ltd., of China"", ""company_id"": null}]","[{""name"": ""Lowe's Stores nationwide and online at Lowes.com from March 2017 through October 2019 for about $180."", ""company_id"": null}]",https://www.cpsc.gov/Recalls/2020/Kobalt-Cordless-Electric-Pole-Saws-Sold-Exclusively-at-Lowes-Stores-Recalled-Due-to-Laceration-Hazard-Distributed-by-Hongkong-Sun-Rise-Trading,20211123-8BBE1-3502987,2020-09-28,2022-01-21,Kobalt,"40-volt  Lithium-Ion 12"" Cordless",,"Kobalt  40-volt  Lithium-Ion 12"" Cordless Electric Chainsaws","RE: Recall Number 20-191
Company is unresponsive- cannot remediate the problem

Dear US CPSC Representative:

I received the attached recall notice. As instructed, I called the phone number to look at remediation options. However, after 34 minutes on hold I gave up.

Next, I referenced their website address as instructed. However, after clicking the links it just instructed me to call the same number. I foolishly called again and now I have been on hold over one hour. This is completely unacceptable for a $200 chainsaw.

I need it to operate safely but I also cannot spend on unreasonable amount of time on hold. Then I sent them a fax but they have not responded.

The recall is completely worthless if the company is unresponsive and offers no reasonable way to contact them to fix their defective product.

Please apply pressure to make them actually honor their recall agreement.

Regrettably
[REDACTED]",,"LF, LLC",,,,,,,,0,6,0.545455,0.650307,0.6,0.857143,1,0,0,"[""shared_2plus_product_tokens""]",top_ranked_non_upc_candidate,incident_on_or_after_recall,medium,high,unlabeled,,
ER-0027,8915,21003,2020-10-07,Trianium cell phone battery pack cases,Endliss Technology Recalls Trianium Battery Phone Cases Due to Burn Hazard; Sold Exclusively on Amazon.com,"This recall involves Endliss Technology Trianium battery phone cases for all types of mobile phones. The cases were sold in black, gray, white and pink colors. ""Trianium"" is written on the back of the case. There are 17 different model numbers included in this recall. Recalled model numbers include: TM000006, TM000007, TM000008, TM000009, TM000010, TM000011, TM000046, TM000047, TM000048, TM000049, TM000101, TM000103, TM-06A-4000BBLK, TM-06A-4000ROGD, TM-06A-4000WSLV, TM-S6BC-BLK and MTS-3000-BBLK.","[{""name"": ""The lithium-ion battery in the cases can overheat resulting in thermal runaway, posing a burn hazard to consumers."", ""hazard_type"": null, ""hazard_type_id"": null}]",[],"[{""name"": ""Online at Amazon.com from September 2014 through July 2020 for between $30 and $100."", ""company_id"": null}]",https://www.cpsc.gov/Recalls/2021/Endliss-Technology-Recalls-Trianium-Battery-Phone-Cases-Due-to-Burn-Hazard-Sold-Exclusively-on-Amazon-com,20200902-39B35-2011963,2020-08-28,2020-11-10,Samsung,Note 8,,Cell phone battery,"Caller stated that he lifted the cell phone battery after it was charged, flames erupted and it exploded. He stated that he was able to place the battery on a surface which caused the surface to warp.  He stated that he could have lost his eyesight if his face was closer to the unit.

Caller stated that he contacted that the manufacturer and was advised to return the phone for inspection, however, he will not be returning it because he needs it for evidence in court.

Caller feels that this product should be investigated and recalled.",,SAMSUNG TELECOM AMERICA (STA),Amazon.com,,2020-08-26,,,,,0,3,0.375,0.56338,0.5,0.6,0,0,0,"[""shared_2plus_product_tokens""]",top_ranked_non_upc_candidate,pre_incident_published_after_recall,medium,medium,unlabeled,,
ER-0028,8928,21017,2020-10-29,Mueller Austria Onion Chopper Pro,Mueller Austria Recalls Onion Choppers Due to Serious Laceration Hazard,"This recall involves models of the Mueller Austria Onion Chopper Pro, model number M-700. The gray and green choppers come with two stainless steel discs, 4-cup clear container and cleaning brush. Only onion choppers that have a locking tab that can be pushed towards the blades in order to properly lock into place are included in this recall. The Mueller Austria logo is printed on the side of the chopper. The model number is located on the product itself or on the chopper's packaging.","[{""name"": ""The product's locking tab can detach from the rest of the unit during use, causing hands and fingers to slide into the blades."", ""hazard_type"": null, ""hazard_type_id"": null}]",[],"[{""name"": ""Online at Amazon.com from September 2016 through July 2020 for about $20."", ""company_id"": null}]",https://www.cpsc.gov/Recalls/2021/Mueller-Austria-Recalls-Onion-Choppers-Due-to-Serious-Laceration-Hazard,20201031-2473C-2029035,2020-04-16,2020-12-23,Mueller Austria Onion Chopper Pro,,,Onion Chopper,My hand slept and I cut my fingers,,RAPID MEDICAL INC dba Mueller Co,amazon,,2019-07-06,,,,,0,5,1.0,0.825,1.0,1.0,1,0,0,"[""shared_2plus_product_tokens""]",top_ranked_non_upc_candidate,pre_incident_published_after_recall,high,high,unlabeled,,
ER-0029,8928,21017,2020-10-29,Mueller Austria Onion Chopper Pro,Mueller Austria Recalls Onion Choppers Due to Serious Laceration Hazard,"This recall involves models of the Mueller Austria Onion Chopper Pro, model number M-700. The gray and green choppers come with two stainless steel discs, 4-cup clear container and cleaning brush. Only onion choppers that have a locking tab that can be pushed towards the blades in order to properly lock into place are included in this recall. The Mueller Austria logo is printed on the side of the chopper. The model number is located on the product itself or on the chopper's packaging.","[{""name"": ""The product's locking tab can detach from the rest of the unit during use, causing hands and fingers to slide into the blades."", ""hazard_type"": null, ""hazard_type_id"": null}]",[],"[{""name"": ""Online at Amazon.com from September 2016 through July 2020 for about $20."", ""company_id"": null}]",https://www.cpsc.gov/Recalls/2021/Mueller-Austria-Recalls-Onion-Choppers-Due-to-Serious-Laceration-Hazard,20201102-7678B-2030192,2020-04-18,2020-12-23,Mueller,Onion Chopper Pro,,Mueller Austria onion chopper pro,As I was trying to attach the blade the  locking tab came  detach from the rest of the unit causing my finger to slide into the blades. I got a very seriously deep cut and assumed it was user error and never reported it.,,RAPID MEDICAL INC dba Mueller Co,Amazon,,2019-09-28,,,,,0,5,1.0,0.717391,1.0,1.0,1,1,0,"[""shared_2plus_product_tokens""]",top_ranked_non_upc_candidate,pre_incident_published_after_recall,high,high,unlabeled,,
ER-0030,8936,21024,2020-11-10,SONOMA Goods For Life branded three-wick candles,Kohl's Recalls Three-Wick SONOMA Goods For Life Branded Candles Due to Fire and Burn Hazards,"This recall involves SONOMA Goods For Life three-wick candles in the following models and scents: Model Fragrance Style Number UPC Date Code GROW Cape Jasmine 01SNGDD01 400681131954 10/19 HOME SWEET HOME White Lotus & Lilac 01SNGDD03 400292653180 10/19 SAIL AWAY Sunday Funday 01SNGDD04 400189096090 10/19 LIVE SIMPLY Mango Margarita 01SNGDD06 400304678057 10/19 BE HAPPY Honeydew Raspberry Sangria 01SNGDD07 400551335093 10/19 HELLO WORLD Pineapple Sugar 01SNGDD09 400681131985 10/19 DREAM Coconut Mahogany 01SNGDD13 400660700553 10/19 EXPLORE Cactus Rose Bloom 01SNGDD17 400292653210 10/19 I Woof You Rhubarb Berry Lemonade 01CTDVD25 400553244546 10/19 BLESSED Baked Apple 03SNGDD01A 400620031802 06/20 THANKFUL Falling Leaves 03SNGDD02A 400177580198 06/20 GRATEFUL Pumpkin Spice 03SNGDD03A 400757488494 06/20 HELLO FALL Pumpkin Spice 03SNGDD04 400624369253 06/20 MAKE TODAY Autumn Hayride 03SNGDD06 400709373526 06/20 MAKE LIFE Caramel Toffee 03SNGDD07B 400620031826 06/20 HAPPY DAY Crackling Cedarwood 03SNGDD08B 400177581027 06/20 THINK BE HAPPY Fall in Love 03SNGDD10 400337146257 06/20 ENJOY Vanilla Pumpkin Latte 03SNGDD11 400709374738 06/20 LIVE SIMPLY Caramel Toffee 03SNGDD12 400757490077 06/20 BE COZY Falling Leaves 03SNGDD13 400177580730 06/20 OUR HOME Pumpkin Spice 03SNGDD15 400496811737 06/20 PEACE Cozy Fireside 04SNGDD01 400692896828 08/20 MERRY Enchanted Forest 04SNGDD03 400467677928 08/20 MERRY & BRIGHT Gingerbread House 04SNGDD05 400189021672 08/20 BE COZY Sugar & Spice 04SNGDD11 400623348556 08/20 SNOWMEN Cocoa & Marshmallows 04SNGDD13 400640603041 08/20 ALL BE MERRY Balsam Fir 04SNGDD15 400610253177 08/20 TIS THE SEASON Holiday Cookies 04SNGDD17 400757426557 08/20 PINK CITY Spiced Holly Berry 04SNGDD21 400640603058 08/20 OH WHAT FUN Holiday Cookies 04SNGDD24 400757426564 08/20 The candles come in glass containers with metal lids. The model is the design/language on the exterior of the glass container. The fragrance, style number, UPC and date code are contained on the label on the bottom of the glass container.","[{""name"": ""The candle's high flames can ignite the surface of the wax or cause the glass to break, posing fire and burn hazards."", ""hazard_type"": null, ""hazard_type_id"": null}]",[],"[{""name"": ""Kohl's stores nationwide and online at www.Kohls.com from December 2019 through October 2020 for about $20."", ""company_id"": null}]",https://www.cpsc.gov/Recalls/2021/Kohls-Recalls-Three-Wick-SONOMA-Goods-For-Life-Branded-Candles-Due-to-Fire-and-Burn-Hazards,20210611-ABB23-2147363564,2021-06-11,2021-06-30,Three Wick candle,Sonoma,,Three Wick candle,My daughter had a Sonoma candle lit in her bedroom when it went on fire I went into grab it and got second-degree burns on my hand,,"KOHL'S DEPARTMENT STORE, INC.",Kohl’s,,,,,,,0,3,0.375,0.533333,0.428571,0.75,1,1,0,"[""shared_2plus_product_tokens""]",top_ranked_non_upc_candidate,incident_on_or_after_recall,medium,medium,unlabeled,,
ER-0031,8943,21708,2020-11-12,Electric Throw Heated Blankets,InvoSpa Recalls Heated Blankets Due to Fire and Burn Hazards; Sold Exclusively at Amazon.com (Recall Alert),This recall involves InvoSpa electric throw heated blankets. The recalled blankets measure 50 inches by 60 inches. The blankets are made of silky flannel and sherpa shu velveteen and are white and gray. Model number ML-G03 and InvoSpa are printed on a tag on the blanket.,"[{""name"": ""The recalled blankets can overheat, posing fire and burn hazards."", ""hazard_type"": null, ""hazard_type_id"": null}]","[{""name"": ""Hebei Yuwang Electrical Appliance Co. Ltd, of China"", ""company_id"": null}]","[{""name"": ""Exclusively online at Amazon.com from November 2019 through July 2020 for about $70."", ""company_id"": null}]",https://www.cpsc.gov/Recalls/2021/InvoSpa-Recalls-Heated-Blankets-Due-to-Fire-and-Burn-Hazards-Sold-Exclusively-at-Amazon-com-Recall-Alert,20210125-7C35A-2147366278,2021-01-25,2021-03-23,Bigzzia electric throw,N/a,N/a,"Bigzzia electric heated throw, navy blue, throw size.",Heated throw blanket caught fire overnight.,,"Shenzhen Xinzeyuan Guoji Gongyinglian Guanli Co.,Ltd.",Amazon,,2020-12-01,2020-03-05,,,,0,3,0.375,0.504673,0.75,0.428571,0,0,0,"[""shared_2plus_product_tokens""]",top_ranked_non_upc_candidate,incident_on_or_after_recall,medium,medium,unlabeled,,
ER-0032,8943,21708,2020-11-12,Electric Throw Heated Blankets,InvoSpa Recalls Heated Blankets Due to Fire and Burn Hazards; Sold Exclusively at Amazon.com (Recall Alert),This recall involves InvoSpa electric throw heated blankets. The recalled blankets measure 50 inches by 60 inches. The blankets are made of silky flannel and sherpa shu velveteen and are white and gray. Model number ML-G03 and InvoSpa are printed on a tag on the blanket.,"[{""name"": ""The recalled blankets can overheat, posing fire and burn hazards."", ""hazard_type"": null, ""hazard_type_id"": null}]","[{""name"": ""Hebei Yuwang Electrical Appliance Co. Ltd, of China"", ""company_id"": null}]","[{""name"": ""Exclusively online at Amazon.com from November 2019 through July 2020 for about $70."", ""company_id"": null}]",https://www.cpsc.gov/Recalls/2021/InvoSpa-Recalls-Heated-Blankets-Due-to-Fire-and-Burn-Hazards-Sold-Exclusively-at-Amazon-com-Recall-Alert,20211229-B493E-3541148,2021-12-28,2022-02-10,Westerly blankets,84668,,Electric heated throw,"Caller stated that the throw overheated while in use and then she noticed that the controller had separated and melted.  Caller stated that she plans to contact the retailer later and that she was unable to contact the manufacturer because there was no contact information.
Caller feels that this heated throw is a fire hazard and should be reported.",,"OCEAN STATE JOBBERS, INC dba OCEAN STATE JOB LOT",Walmart.com,,2021-12-10,,,,,0,4,0.666667,0.453333,1.0,0.666667,0,0,0,"[""shared_2plus_product_tokens""]",top_ranked_non_upc_candidate,incident_on_or_after_recall,medium,high,unlabeled,,
ER-0033,8946,21710,2020-11-24,Bicycle Helmets,Any Volume Recalls Bicycle Helmets Due to Risk of Head Injury; Sold Exclusively on ebay.com (Recall Alert),"This recall involves Any Volume's adult bicycle helmets. The recalled medium-sized helmets were sold in blue, green, pink, red, white and yellow. The helmets have black nylon fabric straps with white striped patterns in the center and a black plastic knob at the back of the helmet for adjusting the fitting.","[{""name"": ""The helmets do not comply with the U.S. CPSC federal safety standard for bicycle helmets, posing a risk of head injury."", ""hazard_type"": null, ""hazard_type_id"": null}]","[{""name"": ""Dongguan Rikcon Sports Technology Co., Ltd and Dongguan Wencan Sporting Goods Co., Ltd., of China"", ""company_id"": null}]","[{""name"": ""Online at ebay.com from May 2020 through October 2020 for about $15."", ""company_id"": null}]",https://www.cpsc.gov/Recalls/2021/Any-Volume-Recalls-Bicycle-Helmets-Due-to-Risk-of-Head-Injury-Sold-Exclusively-on-ebay-com-Recall-Alert,20230208-E30A2-4099097,2023-02-06,2023-05-16,Pro Rider,BM-W10BICYCLE,,Bicycle helmets,"The submitter is reporting one of his competitors. He stated that the company, Pro Rider, is importing defective bike helmets. The submitter bought and tested one of the helmets. He stated that it does not meet US or European standards.",,"ProRider, Inc.",,,,,,,,0,2,0.4,0.555556,1.0,0.4,0,0,0,"[""shared_2plus_product_tokens""]",top_ranked_non_upc_candidate,incident_on_or_after_recall,medium,high,unlabeled,,
ER-0034,8950,21037,2020-11-25,"3-in-1 Qi wireless chargers, power banks and travel wall chargers","Towsleys Recalls 3-in-1 Qi Wireless Chargers, Power Banks and Travel Chargers Due to Fire Hazard","This recall involves the 3-in-1 Qi wireless chargers, 6700 mAh power banks and travel wall chargers distributed to employees through a corporate redemption program. The white square power bank includes a two-pronged section that plugs into the wall and 3 USB type plugs on the other side. The product is also capable of wireless charging. An Acuity heart logo is printed on the front of the charger/power banks.","[{""name"": ""The chargers and power banks can overheat, posing a fire hazard."", ""hazard_type"": null, ""hazard_type_id"": null}]","[{""name"": ""Shenzhen Huani Electronics Co. Ltd., of China"", ""company_id"": null}]","[{""name"": ""Corporate redemption program where employees were able to use credits to redeem corporate merchandise online at www.Acuitymerch.com from September 2019 through April 2020."", ""company_id"": null}]",https://www.cpsc.gov/Recalls/2021/Towsleys-Recalls-3-in-1-Qi-Wireless-Chargers-Power-Banks-and-Travel-Chargers-Due-to-Fire-Hazard,20220424-498F5-2147356566,2022-04-24,2022-05-12,GoodAAA battery back - Wireless Solar Power Bank,None on the device,None,"GoodAAA battery back - Wireless Solar Power Bank
Model PN-W05",I had a lithium battery pack catch fire.,,GOODaaa,,,,,,,,0,2,0.142857,0.359788,0.333333,0.2,0,0,0,"[""shared_2plus_product_tokens""]",top_ranked_non_upc_candidate,incident_on_or_after_recall,low,low,unlabeled,,
ER-0035,8953,21040,2020-12-02,Huffy Torex 24V ride-on toy UTVs,Huffy Recalls Torex Ride-on Toy UTVs Due to Injury Hazard; Sold Exclusively at Walmart,"This recall involves Huffy-branded Torex 24-volt ride-on toy UTVs (model number 17249). The toy UTVs measure 53 inches long, 43 inches wide and 27 inches tall when assembled. They are black with red trim, and ""Torex"" labels are on the front and side of the ride-on toy. The recalled toy UTVs were manufactured between June 2019 and November 2019 with date codes: 16919, 17119, 18019, 19019, 20019, 20219, 20519, 24819, 24919, 25019, 25219, 25319, 25419, 32219, 32319 and 33719. The model number and date code are located under left rear wheel well above left rear wheel.","[{""name"": ""The ride-on toy can unexpectedly move when connecting the battery after recharging, posing an injury hazard."", ""hazard_type"": null, ""hazard_type_id"": null}]",[],"[{""name"": ""Walmart stores nationwide and online at www.walmart.com from August 2019 through September 2020 for about $500."", ""company_id"": null}]",https://www.cpsc.gov/Recalls/2021/Huffy-Recalls-Torex-Ride-on-Toy-UTVs-Due-to-Injury-Hazard-Sold-Exclusively-at-Walmart,20210721-ABC9F-2147361721,2021-07-20,2021-08-06,Huffy torex utv,Huffy torex utv model 17249,028914172491,Huffy torex utv 24v,Huffy torex would not stop going forward.  Child was driving huffy torex UTV model number 17249 date code 19019 JF in back yard and vehicle was going full speed would not slow down even when brake engaged. Child got a bloody lip and lump on head when huffy torex utv crashed into tree at full speed. UTV got damaged from the tree going about 10 mph when it hit.  It would just take off and would not stop. Kids hit tree and got hurt.,,Huffy Corporation,Walmart,,2020-05-20,,,,,0,3,0.375,0.442105,0.5,0.6,0,0,0,"[""shared_2plus_product_tokens""]",top_ranked_non_upc_candidate,incident_on_or_after_recall,medium,medium,unlabeled,,
ER-0036,8961,21048,2020-12-09,Western Chief toddler light-up rain boots,Washington Shoe Company Recalls Western Chief Toddler Boots Due to Choking Hazard; Sold Exclusively at Target,"This recall includes the Western Chief ""Abstract Camo,"" ""Alia Silver,"" and ""Sweetheart Navy"" Light-Up Rain Boots in sizes 5-12 for toddlers or children. The recalled boots are camouflage, silver glitter, and navy with hearts; include boot handles; and have a light up feature in the heel of the boot. The rivets used to attach the handles are silver-gray in color. ""Western Chief"" and the model numbers are located on the inside tag of the boot. The recalled model numbers are T24121725P, T24121728P, and T24121729P.","[{""name"": ""Rivets used to attach the handles to the boot can detach, posing a choking hazard to children."", ""hazard_type"": null, ""hazard_type_id"": null}]","[{""name"": ""Washington Shoe Company, of Kent, Wash."", ""company_id"": null}]","[{""name"": ""Exclusively at Target stores nationwide and online at Target.com from May 2020 through October 2020 for about $25."", ""company_id"": null}]",https://www.cpsc.gov/Recalls/2021/Washington-Shoe-Company-Recalls-Western-Chief-Toddler-Boots-Due-to-Choking-Hazard-Sold-Exclusively-at-Target,20210105-22129-2147366771,2020-12-28,2021-02-10,Western Chief,T24121725P,,Camouflage size 10 Toddler Jerrick Light-Up Rain Boots,"My daughter received a pair of rainboots from target for christmas.  I put them on her to make sure they fit and shortly after I noticed she had something in her mouth. After further inspection I realized it was a small round metal piece, a rivet that once held the handle on had came off within minutes of her wearing them, as well as the entire handle. It was laying on the floor next to the other rivet!!! Thank God I caught it in time, I'm so dissapointed and a simple refund does not SUFFICE! Why should i have to go out of my way to return them to target when this should have never have happened in the first place!!",,WASHINGTON SHOE COMPANY,,,,2020-05-01,,,,0,6,0.6,0.683333,1.0,0.6,1,0,0,"[""shared_2plus_product_tokens""]",top_ranked_non_upc_candidate,incident_on_or_after_recall,medium,high,unlabeled,,
ER-0037,8971,21055,2020-12-16,"LG Chem ""RESU 10H"" Lithium-Ion Residential Energy Storage System",LG Energy Solution Michigan Recalls Home Energy Storage Batteries Due to Fire Hazard,This recall involves the LG Chem Model RESU 10H lithium-ion storage battery that is installed as part of a residential energy solar panel system. The recalled battery allows owners to capture and store energy from the solar panels. The batteries are wall mounted and measure 29.30 x 35.70 x 8.10 inches. They weigh roughly 220 pounds. The LG Chem logo is located on the top left side of the front panel. The serial number of the recalled product begins with R15563P3SSEG and is located behind the access door of the RESU 10H (Type-R) home battery.,"[{""name"": ""The home batteries can overheat, posing a risk of fire and emission of harmful smoke."", ""hazard_type"": null, ""hazard_type_id"": null}]",[],"[{""name"": ""Various distributors of solar energy storage systems nationwide, including, but not limited to Sunrun, AEE Solar, Baywa, CED, Krannich, Independent Electric Supply, and Inter Island Solar Supply, from January 2017 through March 2019 for about $8,000."", ""company_id"": null}]",https://www.cpsc.gov/Recalls/2021/LG-Energy-Solution-Michigan-Recalls-Home-Energy-Storage-Batteries-Due-to-Fire-Hazard,20211001-84F99-2147359334,2021-09-23,2021-10-21,LG,Resu 10H R15563P3SSEG,,LG Chem “RESU10H” Lithium-Ion Residential Energy Storage System Batteries,"The whole-home battery pack is inflating and cracking open, built-in safety fuses already blew rendering it inoperable and it has continued to inflate.",,LG Chem Michigan Inc.,,,,,,,,0,9,0.75,0.772152,1.0,0.75,1,0,0,"[""shared_2plus_product_tokens""]",top_ranked_non_upc_candidate,incident_on_or_after_recall,high,high,unlabeled,,
ER-0038,8973,21715,2020-12-22,2021 Can-Am Outlander and Renegade All-Terrain Vehicles (ATVs),BRP Recalls All-Terrain Vehicles Due to Crash Hazard (Recall Alert),"This recall involves nine model year 2021 Can-Am Outlander and Renegade models. The vehicles were sold in various colors including red, tundra green, granite gray-octane blue, camo and yellow. The model name is printed on the side panels of the vehicles. The vehicle identification number (VIN) is printed on the frame under the seat in the middle and on the frame behind the right front wheel. Model YearModel Name MY 2021Can-Am Outlander 450 MY 2021Can-Am Outlander 570 MY 2021Can-Am Outlander DPS 450 MY 2021Can-Am Outlander DPS 570 MY 2021Can-Am Outlander XMR 850 MY 2021Can-Am Outlander XMR 1000R MY 2021Can-Am Outlander XT 570 MY 2021Can Am Outlander XXC 1000R MY 2021Can-Am Renegade XMR 1000R","[{""name"": ""A rear wheel can separate from the vehicle and cause a loss of control, posing a crash hazard to consumers."", ""hazard_type"": null, ""hazard_type_id"": null}]",[],"[{""name"": ""Can-Am dealers nationwide from October 2020 through November 2020 for between $8,500 and $15,000."", ""company_id"": null}]",https://www.cpsc.gov/Recalls/2021/BRP-Recalls-All-Terrain-Vehicles-Due-to-Crash-Hazard-Recall-Alert,20210208-C967F-3053091,2020-06-30,2021-03-02,CAN AM,Outlander,,"All Terrain Vehicle (ATV), 2020 Can Am Outlander","On 6/30/20 I had mowed our lawn and proceeded to pick up clippings with our lawn sweeper attached to our 2020
CanAm Outlander ATV. I drove the ATV 200 ft. when it popped and quit. Thinking it was out of gas, I took the gas
cap off and was hit by a flash of fire. I quickly hit the ground and smothered my face to put out the fire that was
singeing my hair. The ATV was clearly on fire at this point and my husband and I hosed it down with 2 hoses for 20
minutes. Fire still not out. my husband, with our backhoe, dumped 6 loads of dirt on it and was finally able to put
the fire out by smothering it. The ATV was purchased 9/14/19 and had less than 10 hours on it, all of which were
used for yard work.
Research has shown us that BRP Inc. Can-Am had a recall in June 2018 for 'Potential Fire Hazard' and on the top of
the list is the Can-Am Outlander. BRP refuses to acknowledge my incident for further investigation.",,BRP US Inc.  (Bombardier Recreational Products),Westside Motorsports,,2019-09-14,,,,,0,4,0.363636,0.655738,0.5,0.571429,1,1,0,"[""shared_2plus_product_tokens""]",top_ranked_non_upc_candidate,pre_incident_published_after_recall,medium,medium,unlabeled,,
ER-0039,8992,21074,2021-02-03,DeWALT® cordless kerosene forced-air heaters,Enerco Group Recalls DeWALT Cordless Kerosene Heaters Due to Fire and Carbon Monoxide Poisoning Hazards,"This recall involves DeWALT cordless kerosene forced-air heaters model number DXH90CFAK with serial numbers 340902-20001001 through 340902-20004000 and model number DXH90CFAKM with serial numbers 340901-20001001 through 340901-20001500. The heaters have a black tank/base, a yellow body and a gray combustion barrel. ""DeWALT"" and ""90,000 BTU"" are printed in yellow on the combustion barrel. The model number and serial number are located on the side panel opposite the controls.","[{""name"": ""The heaters can re-start unexpectedly while in standby mode if the room temperature falls below the thermostat set point, posing fire and carbon monoxide poisoning hazards."", ""hazard_type"": null, ""hazard_type_id"": null}]",[],"[{""name"": ""Lowe's stores and farm and supply stores nationwide from June 2020 through November 2020 for about $350."", ""company_id"": null}]",https://www.cpsc.gov/Recalls/2021/Enerco-Group-Recalls-DeWALT-Cordless-Kerosene-Heaters-Due-to-Fire-and-Carbon-Monoxide-Poisoning-Hazards,20210720-22F88-3389597,2021-07-19,2021-09-08,,PCK110VT,,Forced Air Kerosene Heater,"Text of Submitter's message dated July 19, 2021:

Hi, I have a serious issue with a forced air kerosene heater that starts up its fan and pump but no fire all by itself and fogs the garage up bad and sprays kerosene out the front until we found it and unplugged it!!
i need to inform someone about. id like to forward my letter to the company to you please.",,Continental Appliances Inc. dba ProCom,Amazon,,2020-11-26,,,,,0,3,0.375,0.487179,0.5,0.6,0,0,0,"[""shared_2plus_product_tokens""]",top_ranked_non_upc_candidate,incident_on_or_after_recall,medium,medium,unlabeled,,
ER-0040,8995,21720,2021-02-11,Model Year 2021 Wolverine RMAX4 1000 Recreational Off-Highway Vehicles (ROVs),Yamaha Recalls Recreational Off-Highway Vehicles Due to Crash and Injury Hazards (Recall Alert),"This recall involves model year 2021 Wolverine 1000 RMAX4 recreational off-highway vehicles. The side-by-side vehicles were sold in blue, green and gray. The model name is shown on the side of the vehicle. The Vehicle Identification Number can be found on the frame at the left rear. The model number is located near the front left corner of driver's seat. Model Year Model Name Model Number 2021 Wolverine RMAX4 1000 XT-R YXF10WPZM Wolverine RMAX4 1000 LE YXF10WPLM Wolverine RMAX4 1000 YXF10WPAM","[{""name"": ""The vehicles' rear shock absorber mounts can break, posing crash and injury hazards."", ""hazard_type"": null, ""hazard_type_id"": null}]",[],"[{""name"": ""Yamaha dealers nationwide from October 2020 through December 2020 for between $21,300 and $25,300."", ""company_id"": null}]",https://www.cpsc.gov/Recalls/2021/Yamaha-Recalls-Recreational-Off-Highway-Vehicles-Due-to-Crash-and-Injury-Hazards-Recall-Alert,20221205-637E2-4005610,2022-10-30,2023-01-27,Hisun,2021 Tactic 1000,,ATV 4 Wheeler,"(10/30/2022) The consumer stated that he was riding down the street at 30 miles per hour. The steering wheel started going left to right. Even as her was holding the steering wheel, the wheels made the handle bars turn on it own.  

The consumer took the ATV to the dealer who did a test drive. The same thing happened again.

The consumer purchased two of the same model ATV's. The problem happened on both.",,"Hisun Motor Corp, USA",DSP Motor Sports,,2022-10-28,,,,,0,2,0.142857,0.396396,0.2,0.333333,0,0,0,"[""shared_2plus_product_tokens""]",top_ranked_non_upc_candidate,incident_on_or_after_recall,low,low,unlabeled,,
ER-0041,8995,21720,2021-02-11,Model Year 2021 Wolverine RMAX4 1000 Recreational Off-Highway Vehicles (ROVs),Yamaha Recalls Recreational Off-Highway Vehicles Due to Crash and Injury Hazards (Recall Alert),"This recall involves model year 2021 Wolverine 1000 RMAX4 recreational off-highway vehicles. The side-by-side vehicles were sold in blue, green and gray. The model name is shown on the side of the vehicle. The Vehicle Identification Number can be found on the frame at the left rear. The model number is located near the front left corner of driver's seat. Model Year Model Name Model Number 2021 Wolverine RMAX4 1000 XT-R YXF10WPZM Wolverine RMAX4 1000 LE YXF10WPLM Wolverine RMAX4 1000 YXF10WPAM","[{""name"": ""The vehicles' rear shock absorber mounts can break, posing crash and injury hazards."", ""hazard_type"": null, ""hazard_type_id"": null}]",[],"[{""name"": ""Yamaha dealers nationwide from October 2020 through December 2020 for between $21,300 and $25,300."", ""company_id"": null}]",https://www.cpsc.gov/Recalls/2021/Yamaha-Recalls-Recreational-Off-Highway-Vehicles-Due-to-Crash-and-Injury-Hazards-Recall-Alert,20230728-C5E7F-2147346160,2023-07-22,2023-08-15,Polaris,Ranger Xp 1000,,2021 Polaris ranger xp 1000 color white,My girl friend and her grandson were riding my buggy her grandson looked behind them and flames were coming off of the motor it is a 2021 Polaris ranger Xp 1000there were no injuries,,Polaris Industries Inc.,Okeefenokee cycle center,,2021-05-21,,,,,0,2,0.142857,0.394161,0.2,0.333333,0,0,0,"[""shared_2plus_product_tokens""]",top_ranked_non_upc_candidate,incident_on_or_after_recall,low,low,unlabeled,,
ER-0042,9017,21096,2021-03-17,HR Platform Frames,Global Home Imports Recalls Platform Bed Frames Due to Serious Injury Hazard,"This recall involves HR Platform bed frames sold under the Bed Tech brand with model numbers HR33, HR33XL, HR46, HR50, HR60, HR66. The models consist of sizes Twin, Twin xl, Full, Queen, King, Cal King. The steel frames are black and have blue plastic clips. Each product has a 14-digit serial number that begins with HR on an outside leg. The model number is printed on the outside leg with the serial number.","[{""name"": ""The HR platform frame can collapse, posing a crush hazard that can result in severe injury or death."", ""hazard_type"": null, ""hazard_type_id"": null}]",[],"[{""name"": ""American Furniture Warehouse, Mattress Firm and furniture and mattress stores nationwide from April 2020 through January 2021 for about $200."", ""company_id"": null}]",https://www.cpsc.gov/Recalls/2021/Global-Home-Imports-Recalls-Platform-Bed-Frames-Due-to-Serious-Injury-Hazard,20210501-19CC7-2147364397,2021-04-05,2021-05-26,,HR Platform Frames,,Metal frame,The metal frame bent causing my bed to sink in,,"GLOBAL HOME IMPORTS, INC.",,,,,,,,0,2,0.5,0.75,1.0,0.5,0,1,0,"[""shared_2plus_product_tokens""]",top_ranked_non_upc_candidate,incident_on_or_after_recall,high,high,unlabeled,,
ER-0043,9018,21097,2021-03-17,HOFISH 10-Inch Hybrid Certi-PUR Certified Foam and Pocket Spring Mattresses,HOFISH Recalls Mattresses Due to Violation of Federal Flammability Standard; Sold Exclusively on Amazon.com,"This recall involves HOFISH 10-Inch Hybrid Certi-PUR Certified Foam and Pocket Spring Mattresses sold in twin, twin XL, full, queen, and king sizes. They are 10-inch, single-sided mattresses with white knit ticking, a blue striped wave design and diamond-shaped quilting on the top surface. The side panels have gray knit ticking. The tape edges are white with white stitching. The bottom panel has gray non-woven ticking. The mattresses have a white tag located on the underside of the head panel of the mattress with ""Made For HOFISH Inc."" printed on one side and ""Prototype ID: HF19HY"" printed on the other side. Only mattresses with the Prototype ID HF19HY on the product's labeling are included in this recall. The mattresses were sold compressed in a box.","[{""name"": ""The mattresses fail to meet the mandatory federal flammability standard for mattresses, posing a fire hazard."", ""hazard_type"": null, ""hazard_type_id"": null}]","[{""name"": ""Vietnam Glory Home Furnishings Joint Stock Company, of Vietnam"", ""company_id"": null}]","[{""name"": ""Exclusively on Amazon.com from September 2019 through January 2020 for about $190."", ""company_id"": null}]",https://www.cpsc.gov/Recalls/2021/HOFISH-Recalls-Mattresses-Due-to-Violation-of-Federal-Flammability-Standard-Sold-Exclusively-on-Amazon-com,20211223-C2487-2147358333,2021-12-22,2022-01-12,Zinus,"Ultima 6"" Full Size Mattress",Cannot locate,"Zinus 6 Inch Ultima Memory Foam Mattress / Pressure Relieving / CertiPUR-US Certified / Bed-in-a-Box, Full","Purchased mattress from Zinus. After replacing, so literally trying to fix the issue (that I was only vaguely aware of at the time) I now have fiberglass all over all of my normal clothing and my bed. Though on  the bright side, it's a new safer bed, just sprinkles of fiberglass from the old one. 
Specifically I am reporting a Zinus Ultima 6"" Full mattress I purchased from Amazon on June 26th 2020

So far no injuries I can attribute for sure, though I am seeking legal counsel and this may change.

I still own and plan on storing the Zinus mattress.",,ZINUS INC,Amazon,,2020-06-22,,,,,0,3,0.142857,0.365385,0.3,0.214286,0,0,0,"[""shared_2plus_product_tokens""]",top_ranked_non_upc_candidate,incident_on_or_after_recall,low,low,unlabeled,,
ER-0044,9032,21104,2021-04-07,EC8 Power Cables,Goal Zero Recalls Power Cables Due to Fire Hazard,"This recall involves only the 12-foot EC8 Extension cables (model 98201) and Male EC8 to Ring cables (model 98202) that are installed in vehicle integrations. The 12-foot EC8 Extension cable was sold individually and with the Car Charge Kit. This cable was used to connect Yeti power stations to either a Yeti Tank or a vehicle battery. The Male EC8 to Ring cable was sold individually and with different Yeti Tanks. These cables are used to connect Yeti Tanks to Yeti power stations and are frequently coupled with the 12-foot EC8 Extension cable. The model and the UPC numbers can be found on the product packaging, receipts or invoices. Recalled Product Name Model Number UPC Codes 12' EC8 Extension Cable 98201 847974006474 Male EC8 to Ring Cable 98202 847974006481","[{""name"": ""The pins inside the connector on the power cord can deform and overheat, posing a fire hazard."", ""hazard_type"": null, ""hazard_type_id"": null}]",[],"[{""name"": ""Bass Pro, REI and Sportsman's Warehouse stores nationwide and online at Amazon, Backcountry and GoalZero.com from March 2019 through December 2020 for between $25 and $50."", ""company_id"": null}]",https://www.cpsc.gov/Recalls/2021/Goal-Zero-Recalls-Power-Cables-Due-to-Fire-Hazard,20230928-F1075-2147344977,2023-04-01,2023-11-01,CableMod,,,Power cables and adapters,"There is a company called CableMod. They mae custom cables for consumer power supply's. They have am angled adaptor that they started selling a few months ago. The issue is the adaptor is failing and melting inside consumer computers. I have documentation of this happening almost everyday. CableMod refuses to do a recall. They made a revised adapter V1.1 that they claim is safer but the original but still saying the original never has a problem. It's not just a fire risk. Some of the people that purchased the adaptor will never know am issue happened because they only sent an email out to people that bought directly from their site. Here are some of the cases. There are much more than this.

[REDACTED]",,CABLEMOD LIMITED,,,,,,,,0,2,0.4,0.56,0.666667,0.5,0,0,0,"[""shared_2plus_product_tokens""]",top_ranked_non_upc_candidate,incident_on_or_after_recall,medium,high,unlabeled,,
ER-0045,9033,21105,2021-04-07,Greenworks and Powerworks pressure washer spray guns,One Million Greenworks and Powerworks Pressure Washer Spray Guns Recalled Due to Impact Injury Hazard; Distributed by Hongkong Sun Rise Trading,"This recall involves the Greenworks brand 2000 psi plastic pressure washer spray gun included in: the Greenworks brand 2000 psi Plastic Gun Accessory kit, Greenworks brand Pressure Washer models ranging from 1500 -1800 psi, and certain Powerworks brand Pressure Washer models ranging from 1700-1800 psi. The model number is printed on the back of the pressure washer unit, near the top. The brand, Greenworks or Powerworks, appears on the side of the pressure washer spray gun. In addition, when the spray gun is removed from the hose, the interior connector is made of black plastic, not metal, on recalled units. Model Number DESCRIPTION Date Codes GPW1500 GREENWORKS 1500 PSI Pressure Washer 1/1/17 - 10/31/19 GPW1501 GREENWORKS 1500 PSI Pressure Washer 1/1/17 - 5/11/20 GPW1600 GREENWORKS 1600 PSI Pressure Washer 1/1/17 - 10/31/19 GPW1602 GREENWORKS 1600 PSI Pressure Washer 1/1/17 - 6/2/20 GPW1702 GREENWORKS 1700 PSI Pressure Washer 1/1/17 - 10/31/19 (sold at Lowe's) 1/1/17 - 6/8/20 (sold elsewhere) GPW1704 GREENWORKS 1700 PSI Pressure Washer 1/1/17 - 10/31/19 GPW1800 GREENWORKS 1800 PSI Pressure Washer 1/1/17 - 7/7/20 GPW1803 GREENWORKS 1800 PSI Pressure Washer 1/1/17 - 12/17/19 5202002 Plastic Gun Kit All with that model number PWA101 POWERWORKS 1700 PSI Pressure Washer 1/10/20 PWA104 POWERWORKS 1800 PSI Pressure Washer 1/11/20","[{""name"": ""The spray gun connector can break, causing the hose and/or parts of the connector to become dislodged during use, posing an impact injury hazard to the user."", ""hazard_type"": null, ""hazard_type_id"": null}]",[],"[{""name"": ""Lowe's Stores nationwide and online at Lowes.com, Amazon.com, and other online retailers from January 2017 through February 2021. The plastic gun accessory kit was sold for about $40 and the pressure washers were sold for between $100 and $180."", ""company_id"": null}]",https://www.cpsc.gov/Recalls/2021/One-Million-Greenworks-and-Powerworks-Pressure-Washer-Spray-Guns-Recalled-Due-to-Impact-Injury-Hazard-Distributed-by-Hongkong-Sun-Rise-Trading,20210408-66E8B-2147364904,2021-03-20,2021-04-27,Gpw1500,,,Gpw1500 1500 greenworks pressure washer,"Washing rv and hose disconnected, hitting my dog in the leg and gashing it open",,Sunrise Global Marketing / Greenworks Tools,Amazon,,2020-05-01,,,,,0,3,0.375,0.525253,0.5,0.6,0,0,0,"[""shared_2plus_product_tokens""]",top_ranked_non_upc_candidate,pre_incident_published_after_recall,medium,medium,unlabeled,,
ER-0046,9034,21106,2021-04-08,Ellipsis Jetpack mobile hotspots,Verizon Recalls 2.5 Million Ellipsis Jetpack Mobile Hotspots Imported by Franklin Wireless Due to Fire and Burn Hazards,"This recall involves Ellipsis Jetpack mobile hotspots imported by Franklin Wireless Corp. The recalled Jetpacks are dark navy plastic oval devices that are about 3.5 inches wide and 2.25 inches tall. ""verizon"" is printed below the digital display window on the front of the device. The charger provided with the recalled Jetpacks has a sticker on the wire that states: Compatible: FWC MHS900L, Model: FWCR900TVL, DC151030.","[{""name"": ""The lithium ion battery in the hotspots can overheat, posing fire and burn hazards."", ""hazard_type"": null, ""hazard_type_id"": null}]",[],"[{""name"": ""Verizon stores nationwide, and other stores and to school districts nationwide and online at www.verizon.com from April 2017 through March 2021 for between $50 to $150."", ""company_id"": null}]",https://www.cpsc.gov/Recalls/2021/Verizon-Recalls-2-5-Million-Ellipsis-Jetpack-Mobile-Hotspots-Imported-by-Franklin-Wireless-Due-to-Fire-and-Burn-Hazards,20210410-934EB-2147364864,2021-04-07,2021-04-28,Ellipsis Jetpack Mobile Hotspot,MHS900L,0850011004494,"Ellipsis Jetpack Mobile Hotspot, model MHS900L

Model MHS900L

UPC 0850011004494",Verizon Wireless Ellipsis Jet Pack MHS900L mobile hot spot that caught fire and melted. Not using unit at time of incident but unit was turned  on and plugged into the wall at the time. No injuries occurred but damage to Ellipsis unit and coffee table unit was sitting on was on at time of incident.,,Verizon,Verizon,,2019-03-14,,,,,0,3,0.375,0.42953,0.75,0.428571,1,0,0,"[""shared_2plus_product_tokens""]",top_ranked_non_upc_candidate,pre_incident_published_after_recall,medium,medium,unlabeled,,
ER-0047,9037,21109,2021-04-14,B. toys Firefly Frank Infant Teethers,Battat Recalls Infant Teethers Due to Choking Hazard; Sold Exclusively at Target,"This recall involves B. toys Light-Up Firefly Teether Glowy Chews - Firefly Frank, plastic infant teethers. The colorful teethers shaped like a Firefly are blue, green and red and light up when shaken.","[{""name"": ""The plastic wings can detach from the body of the teether, posing a choking hazard to young children."", ""hazard_type"": null, ""hazard_type_id"": null}]",[],"[{""name"": ""Target stores nationwide and online at Target.com from July 2019 through February 2021 for about between $6 and $10."", ""company_id"": null}]",https://www.cpsc.gov/Recalls/2021/Battat-Recalls-Infant-Teethers-Due-to-Choking-Hazard-Sold-Exclusively-at-Target,20210622-DEB19-2147363344,2021-05-03,2021-07-12,B Toys,Firefly Frank,Unknown,B Toys Firefly Frank Light-Up Infant Teether,"Unpacked teething toy for my infant son and discovered it had broken in several places during transport, resulting in loose-hanging pieces and also small pieces separated from the toy - choking hazard and sharp edges.",,MAISON BATTAT INC,Target,,2020-04-01,2020-01-01,,,,0,4,0.571429,0.693069,0.8,0.666667,1,1,0,"[""shared_2plus_product_tokens""]",top_ranked_non_upc_candidate,incident_on_or_after_recall,medium,high,unlabeled,,
ER-0048,9044,21737,2021-04-22,Welmate Lidocaine Numbing Cream,YYBA Recalls Welmate Lidocaine Numbing Cream Due to Failure to Meet Child Resistant Packaging Requirement; Risk of Poisoning (Recall Alert),"This recall involves Welmate Lidocaine Numbing Cream in a 113 g (4 oz.) white jar with a blue, orange and green label and a white cap. ""Welmate,"" ""5% Lidocaine,"" the Welmate logo and UPC code 373581105045 or 373581000012 are printed on the label. The lot numbers and corresponding expiration dates included in the recall are printed on the underside of the jar as follows: Lot Numbers Expiration Dates ELNC2001 05/2022 ELNC2002 05/2022 EL5C2001 11/2022 EL5C2002 11/2022 EL5C2101 11/2022 EL5C2102 11/2022","[{""name"": ""The packaging is not child resistant as required by the Poison Prevention Packaging Act. The pain relieving cream contains lidocaine, posing a risk of poisoning to young children if they put it on their skin or ingest it."", ""hazard_type"": null, ""hazard_type_id"": null}]","[{""name"": ""Yash Pharmaceuticals, of India"", ""company_id"": null}]","[{""name"": ""Online at Amazon.com, Ebay.com, Walmart.com and wellspringmeds.com from August 2020 through March 2021 for about $20."", ""company_id"": null}]",https://www.cpsc.gov/Recalls/2021/YYBA-Recalls-Welmate-Lidocaine-Numbing-Cream-Due-to-Failure-to-Meet-Child-Resistant-Packaging-Requirement-Risk-of-Poisoning-Recall-Alert,20200530-943C9-2147371992,2020-05-30,2020-08-13,Tattoo Numbing Cream Co.,,,Numbing Cream,"I've had 2 extra tubes of this product stored since I had my last clinic session.. I was surprised to have caught my 4-yo daughter this morning applying some on her knee! I didn't expect she would be able to open the tube as I thought products like these nowadays have child resistant caps!!
I never had a chance to examine this when it arrived and just handed the first tube to the clinic staff when I had my hair removal session. Shouldn't all products like these have child proofing covers?! I would like CPSC to investigate and check with this brand as clearly I see that they are not being compliant! Hope you can get this resolved asap, i know other responsible moms like me might still be prone to this kind of negligence and children cannot be exposed to such incidents when companies should be the one responsible!
Thanks!!

https://web.facebook.com/tattoonumbingcreamco/?__tn__=kC-R&eid=ARCW1NBBVZCiRc25jCXxACkbKJnp9ifs_l8I1a2ZuCn97Tayd0-lpWE3FH_XrGB61FfXzprDaN9V4iWdJj7gmUBgW2VLpLQGUeWmoR90hktC4XRdNT
XfoljB9QjhbZFsXSh3QZ8Zs1xvWpxAzw6c6YqM67K_TNwHK5ZiK9R4FfPJM1aZjA&
hc_ref=ART9ETyMyrOrPfdreA91QBhPrquuzqeRi1bMP0WeZyaIxAKsdYIIVBuXbDQHkljKhpI&fref=nf&ft[tn]
=kC-R-R&ft[adid]=23844550243400698&ft[qid]=6831562999709089918&ft[mf_story_key]=2964492472278219821&ft[is_sponsored]=1&ft[ei]=AI%
40AQJPwLQ5FCwBmYTwTezPFzp3KX5kEcMJpm1yt9&_rdc=1&_rdr",,Tattoo Numbing Cream Co.,their website,,,,,,,0,2,0.4,0.5,0.5,0.666667,0,0,0,"[""shared_2plus_product_tokens""]",top_ranked_non_upc_candidate,pre_recall_public,medium,high,unlabeled,,
ER-0049,9051,21741,2021-04-29,CRF450R Off-Road Motorcycles,Off-Road Motorcycles Recalled by American Honda Due to Crash and Injury Hazards (Recall Alert),"This recall involves 2021 model year CRF450R off-road motorcycles. The motorcycles were sold in red, with the model name CRF450R printed on a label located on both sides of the motorcycle. Honda is printed on the front and both sides of the motorcycle. Motorcycles with the last six digits of the VIN number between 400223 and 401056 are included in this recall. The VIN number is stamped on the frame at the head tube behind the front suspension fork.","[{""name"": ""The motorcycle's drive chain can break while in use, causing the vehicle to suddenly lose its drive force, posing crash and injury hazards to the rider."", ""hazard_type"": null, ""hazard_type_id"": null}]",[],"[{""name"": ""Authorized Honda Powersports dealers nationwide from August 2020 through March 2021 for about $9,600."", ""company_id"": null}]",https://www.cpsc.gov/Recalls/2021/Off-Road-Motorcycles-Recalled-by-American-Honda-Due-to-Crash-and-Injury-Hazards-Recall-Alert,20200819-87EF1-2007287,2020-03-21,2020-11-10,Yamaha Competition Off-Road Motorcycles,YZ250FFW,,"Yamaha Competition Off-Road Motorcycles off road motorcycle

Model YZ250FFW","Early to mid-March 2020:  The consumer went off a jump on the bike and the engine locked up, which caused him to crash.  The consumer blew out his knee, but did not go to the doctor.  His knee has since healed.
 
The consumer was searching the Internet for an engine to replace his.  He came across CPSC Recall# 15-713.  The consumer took the [REDACTED],
(Authorized mfr’s dealer), along with a copy of the recall notice.  10th VIN# F matches Recall.  One of the service technicians looked up the recall in their system and indicated that the bike was not included in the recall.  He also said that the updated “balancers” had certain markings to indicate that they should not present the problem in the recall notice or that they had been repaired.   However, the consumer’s bike did not have that indication.  The consumer also said that he was never notified about the recall.
 
The rep. said that also the consumer’s VIN matched the recall, but some other numbers from his bike did not match.  The dealer's rep. said the bike was not included in CPSC Recall# 15-713.  10th VIN# F matches Recall. 
 
(date unknown) The consumer also contacted the dealer that he purchased it from, but he did not remember the conversation in terms of what transpired.
 
The consumer called the phone number listed in the recall notice:  800-962-7926, but the rep. said that one of the numbers associated with his bike, cause it not to be included in the recall.  Nothing else transpired
 
The consumer said that it would cost $2500 - $4000 to get a replacement motor.  The bike doesn’t have an odometer or hours of use, but he indicated that he has only replaced the back tire once, since he has owned it, which indicates very little use.

He believes that the recall may need to be expanded to include more bikes with similar problems.",,"YAMAHA MOTOR CORPORATION, USA",,,2014-11-01,,,,,0,3,0.375,0.291391,0.75,0.428571,0,0,0,"[""shared_2plus_product_tokens""]",top_ranked_non_upc_candidate,pre_recall_public,low,medium,unlabeled,,
ER-0050,9051,21741,2021-04-29,CRF450R Off-Road Motorcycles,Off-Road Motorcycles Recalled by American Honda Due to Crash and Injury Hazards (Recall Alert),"This recall involves 2021 model year CRF450R off-road motorcycles. The motorcycles were sold in red, with the model name CRF450R printed on a label located on both sides of the motorcycle. Honda is printed on the front and both sides of the motorcycle. Motorcycles with the last six digits of the VIN number between 400223 and 401056 are included in this recall. The VIN number is stamped on the frame at the head tube behind the front suspension fork.","[{""name"": ""The motorcycle's drive chain can break while in use, causing the vehicle to suddenly lose its drive force, posing crash and injury hazards to the rider."", ""hazard_type"": null, ""hazard_type_id"": null}]",[],"[{""name"": ""Authorized Honda Powersports dealers nationwide from August 2020 through March 2021 for about $9,600."", ""company_id"": null}]",https://www.cpsc.gov/Recalls/2021/Off-Road-Motorcycles-Recalled-by-American-Honda-Due-to-Crash-and-Injury-Hazards-Recall-Alert,20210112-1E34C-2975630,2020-12-24,2021-03-04,Honda,CRF250R,,Honda CRF250R motocross off-road motorcycles,"Re: UNREASONABLE RISK OF SERIOUS INJURY OR DEATH CONCERNING
HONDA CRF250R MULTIPLE YEAR MODELS AND OTHER DISPLACEMENT
MOTOCROSS OFF-ROAD HONDA MOTORCYCLES AND DENSO STATORS
DUE TO ELECTRICAL FAILURE AND SUDDEN UNINTENDED ENGINE SHUT
OFF ENGINE FAILURE DURING OPERATION AND WHILE IN MOTION.

I. REPORT AND COMPLAINT SUBMITTED IN ORDER TO PROTECT
CONSUMERS AND OTHER RIDERS FROM FORESEEABLE FUTHER
INJURIES OR DEATH DUE TO KNOWN UNSAFE AND UNREASONABLY
DANGEROUS HONDA AND DENSO DEFECTIVE PRODUCTS.

This Report and Complaint is respectfully submitted to the United State Consumer
Product Safety Commission in order to prevent foreseeable further injuries and
potential deaths due to known defective products put into the stream of
commerce by Honda and Denso and sold to Americans countrywide and affecting
certain motorcycles worldwide.

II. AMERICAN HONDA MOTOR CO., INC., HONDA MOTOR CO., LTD., DENSO
CORPORATION AND THE HONDA CRF250R.
This Report and Complaint and attachment(s) concerns certain model years Honda
CRF250R motocross off-road motorcycles manufactured by Honda Motor Co., LTD in
Japan and sold in the United States by American Honda Motor Co., Inc., with stators
incorporated thereto manufactured by Denso Corporation.
The population of affected Honda off-road motocross motorcycles are unsafe and
unreasonably dangerous to operate and must now be investigated, recalled and
properly remedied.

III. SUPERIOR COURT OF CALIFORNIA COUNTY OF LOS ANGELES
UNLIMITED CIVIL CASE.

In re and subsequent to the [REDACTED] [settled favorably for the Plaintiff]), we present facts that uncontrovertibly
demonstrate the clear existence of product defects that make certain model year Honda
CRF250R motorcycles unsafe and unreasonably dangerous to operate resulting in
unreasonable risk of serious injury or death.

American Honda Motor Co., Inc., Honda Motor Co., LTD., and Denso Corporation have
known for years about the foregoing product defects but have failed to report or recall
their defective unreasonably dangerous products.

IV. SUDDEN UNINTENDED ENGINE SHUT OFF DUE TO PRODUCT DEFECT.

The product defects contained within the 2014 and many other year model Honda
CRF250Rs, because they can result in the motorcycle’s engine suddenly and
unexpectedly turning off during operation and ceasing operation in its entirety while in
motion (unintended engine shut off), which exposes children, retail end users and other
riders to unreasonable risk of serious injury or death because the motorcycle’s engine
can suddenly and unexpectedly stop running and operation without any indication it is
about to fail.

The failure of the engine to continue running when appropriate may cause loss of
control, leading to motorcycle crashes and therefore significantly raises the risk of
serious injury or death.

V. REQUEST FOR INVESTIGATION OF HONDA AND DENSO; REQUEST FOR
INVESTIGATION AND RECALL OF UNREASONABLY DANGEROUS
PRODUCTS.

This Report and Complaint are submitted to formally request investigation of Honda and
Denso and recalls of the affected Honda CRF250R (and Honda CRF450R [and any
other model using similar Denso stators]) off-road motocross motorcycle populations in
the United States in order to reduce the unreasonable risk of serious injury or death to other unsuspecting operators. This Report and Complaint should be forwarded to your
counterparts in Canada and Europe wherein Honda has marketed and sold its defective
CRF250R off-road motocross motorcycles.

This Report and Complaint concerns a 2014 model year Honda CRF250R incident off road motocross motorcycle, a similar brand new 2014 model year Honda CRF250R
exemplar off-road motocross motorcycle, other similar models, and approximately five
or more years-worth of production Honda CRF250R motorcycles.

Multiple model years and multiple displacement off-road motorcycles are affected by the
product defect(s) and should be recalled by the manufacturer.

To our knowledge, Honda and Denso and their various business entities have not
voluntarily recalled these products.

Stator failures have occurred in the United States and Europe. Stator failures have
occurred with racing teams.

The manufacturer has subsequently improperly used or directed to be used, epoxy as a
means to secure defective stator wires. Honda likes gluing together important electrical
connections and Denso does not know whether their stators will be used on
motorcycles with or without 12VDC batteries and the results thereof. Both are
significant failures and embarrassments to Honda and Denso respectively.

The use of epoxy to additionally secure defective stator wires is below the standard of
care and not in accord with industry standards.

Honda and Denso have actual knowledge of the product defects that form the basis of
this Report and Complaint.

Honda and Denso should provide the Consumer Product Safety Commission with all
information, data and documents relevant to the matter in order to facilitate
determination of the scope of the defective stator’s utilization in the population of
motorcycles it has sold to the American public and worldwide. A thorough investigation
by the CPSC will likely uncover the defects are both manufacturing and design defects.

A recall of all affected Honda off-road motorcycles using defective Denso stators will
help ensure no children or adults are seriously injured or killed as a result of Honda’s
knowing and continued use of defective electrical components.
VI. HONDA STATOR FAILURES AND UNINTENDED ENGINE SHUT OFF
RESULTING IN ENGINE FAILURE AND SUBSEQUENT OPERATOR
PARALYSIS.

I was retained in order to look into a 2014 Honda CRF250R off-road motocross
motorcycle, its sudden unintended engine shut off and crash, operated by a licensed
professional rider, during practice, on a motorcycle closed-circuit dirt track.

The facts of the case indicate the incident 2014 Honda CRF250R’s engine suddenly
and unintentionally shut off during normal and foreseeable operation, resulting in a
horrendous crash and subsequent rider paralysis. An objectively tragic outcome directly
caused Honda’s defective product.

As part of the case workup, we determined a copper wire in the motorcycle’s stator
located within the engine of the incident motorcycle had failed, fractured and
disconnected. The stator is made by Denso for Honda is at issue concerning these
defective unreasonably dangerous off-road motocross motorcycles, please see infra.

If a stator copper wire fractures the result is the engine shuts off (extremely fast, no prior
warning) in under 4/10’s of a second. Stators are not generally considered wear items
and are expected to last the life of most motorcycles.

As general mechanical and operational propositions and industry standards, stator
wires do not just become disconnected absent something more. The stator is internal to
the motorcycle’s engine and it is not a component that can be damaged by merely
operating and riding these machines.

The crash of this 2014 Honda CRF250R off-road motocross motorcycle left the operator
seriously injured resulting in paralysis and he is now permanently handicapped in a
wheelchair for the rest of his life due to a particular defective Honda motorcycle.

As a court qualified motorcycle expert in the field of motorcycles and other vehicles, I
felt it necessary to report these defects and unsafe conditions present within the
population of Honda off-road motocross motorcycles in order to protect other children
and adults from being seriously injured or killed by these objectively defective Honda
and Denso products.

It is important these companies and products are now investigated and subsequently
recalled in order to preclude another serious injury or potential death associated with
these unreasonably dangerous and unsafe motorcycles.
VII. THE 2014 HONDA CRF250R INCIDENT OFF-ROAD MOTOCROSS
MOTORCYCLE.
Image 001 was captured during an early non-destructive visual only inspection of the
incident 2014 Honda CRF250R.

The stator is an electrical component located within the motorcycle’s engine behind a
left side metal engine cover. As the engine rotates, magnets are rotated, on a rotor or
flywheel, around a set of copper windings and generate electrical current which then
goes on to provide ignition and spark to the engine in order for the engine to run and
continue running.

If a stator copper wire becomes an open circuit (a wire breaks), the motorcycle’s stator
will no longer output electricity properly. These off-road machines do not have a 12
VDC battery on board designed in. Therefore, if the stator’s electrical output is mechanically interrupted, the engine will almost immediately stop firing and will
suddenly and unexpectedly stop running and shut off, potentially leading to a crash
likely resulting in serious injury or death.
VIII. THE DEFECTIVE HONDA AND DENSO STATOR.
Image 002 is the actual incident Honda motorcycle’s Denso stator assembly minus its
rotor.

The connection of the copper winding is at issue and the wire that fractured and failed
causing a serious motorcycle crash resulting in the operator’s paralysis can be seen
above (and below next page with magnification) partially within its connector surrounded
by solder.
Image 003 is with magnification of the solder ball covering the copper wire and its crimp
connector. Please notice the fracture and disconnect area are located around the
outside diameter (and through the wire) of the copper wire in image 003. Obviously,
this wire should not be in this fractured and disconnected improper condition absent a
product defect.

The fracture and disconnection of this wire caused an open circuit of the electrical circuit
powering the ignition to occur.

When power to the ignition is eliminated the motorcycle’s engine almost immediately
shuts off, blink of an eye fast. We have tested exemplar stators and an exemplar 2014
Honda CRF250R off-road motocross motorcycle and produced video in which we
purposefully interrupted the stator electrical output and measured the time in which ittakes for the engine to suddenly shut off during operation. Loss of engine power can
cause a loss of vehicular control.

When a motorcycle’s engine unexpectedly stops running and unintentionally suddenly
shuts off, a motorcycle may become difficult, if not impossible, to control and may cause
a crash resulting in serious injury or death.

The [REDACTED] Ignition Switch Recalls present similar circumstances to the known
defects regarding Honda and Denso products. Although the parts involved are different
from the [REDACTED] automotive ignition key switch recall from 2014, the results are
very similar in that much as if a [REDACTED] ignition fails and shuts off a motor vehicle’s engine
a crash and serious injury or death can occur, the result of a failed Denso stator in a

Honda off-road motocross motorcycle is the same in that sudden unintended engine
shut off while in motion occurs which can cause a loss of vehicular control, a
subsequent crash and result in serious injury or death to children, the retail consumer or
other rider (other parts involved but same unsafe and unreasonably dangerous
conditions and results).

Additionally, the Honda CRF250R’s engine cannot be restarted after stator and
therefore engine failure occurs. Once the stator failure occurs, the left side of the
engine must be disassembled, a new stator added and engine reassembly, then the
Honda CRF250R can be restarted and ridden.

We are submitting attached herewith a metallurgical report from a co-expert concerning
the metallurgical failure mode of the 2014 Honda CRF250R incident stator.

VIII. THE COVER UP RE WHAT DID HONDA AND DENSO KNOW AND WHEN
CONCERNING THE DEFECT WITHIN THE HONDA CRF250R ENGINE.

It is clear both Honda and Denso knew of the problems and defects associated with
their defective products for years but failed to voluntarily recall their defective products.
Honda had actual knowledge of the product defect for a lengthy period of time and thus
far to date has failed to do the right thing and failed to voluntarily recall their product(s).

Honda’s supplier, Denso, failed to appreciate the potential results of wire failure within
the stator assembly and did not properly understand what would happen if a failure
were to occur.
Concerning Honda’s supplier Denso, we do not know whether the defective
manufacture of motorcycle stators has occurred for other brands and applications and
whether defective stator assemblies have been supplied to other motorcycle
manufacturers.

It is conceivable the defective Denso stator issue is not limited to Honda motorcycles.

It would be important for CPSC to determine whether defective Denso stators are in
other brands of motorcycles, because the product defect may not be limited to Honda
off-road motocross motorcycles and may affect other brands of motorcycles as well.

Honda failed to take responsibility for the defect and blamed others for their product’s
failure. Honda continued to market and sell the Honda CRF250R after and while having
actual knowledge of the product defects present within their engines.

The cover up of the product defect and failure to recall shocks the conscious and
intentionally exposes children, retail end user consumers and other riders to
unreasonable risk of serious injury or death.

Please investigate Honda and Denso regarding this Report and Complaint and the
issues herein, issue stop ride and stop sale orders on all affected model years and
models of Honda off-road motocross motorcycles, pursue recalls and appropriate
remedies for those affected by this unfortunate set of intentional circumstances. Let’s
stop another tragedy before it occurs again. Thank you.

Respectfully submitted.
[REDACTED]",,"American Honda Motor Co., Inc.",,,,,,,,0,3,0.428571,0.627907,0.75,0.5,0,0,0,"[""shared_2plus_product_tokens""]",top_ranked_non_upc_candidate,pre_recall_public,medium,high,unlabeled,,
ER-0051,9059,21130,2021-05-06,Kidde TruSense Smoke Alarms and Combination Smoke/Carbon Monoxide Alarms,Kidde Recalls TruSense Smoke and Combination Smoke/Carbon Monoxide Alarms Due to Risk of Failure to Alert Consumers to a Fire,"This recall involves Kidde TruSense Smoke Alarms and Combination Smoke/Carbon Monoxide Alarms. The recalled units are Kidde Model Series 2040, 2050, 2060 and 2070 Smoke and Combination Smoke/Carbon Monoxide alarms. Only alarms with the TruSense logo or ""AMBER=FAULT"" printed on the front of the alarm are included in this recall. The model number is printed on the back of the alarm. Model Alarm Type 2040-DSR Smoke 2050-DS10 Smoke 2060-ASR Smoke 2070-VDSCR Combination Smoke/Carbon Monoxide 2070-VASCR Combination Smoke/Carbon Monoxide 2070-VDSR Smoke 2070-VASR Smoke","[{""name"": ""The smoke alarm and the combination smoke/carbon monoxide (CO) alarm can fail to alert consumers to a fire."", ""hazard_type"": null, ""hazard_type_id"": null}]",[],"[{""name"": ""Walmart, Home Depot, Menards and other department, home and hardware stores and electrical distributors nationwide, and online at Amazon.com, ShopKidde.com and other online retailers from May 2019 through September 2020 for between $10 and $70."", ""company_id"": null}]",https://www.cpsc.gov/Recalls/2021/Kidde-Recalls-TruSense-Smoke-and-Combination-Smoke-Carbon-Monoxide-Alarms-Due-to-Risk-of-Failure-to-Alert-Consumers-to-a-Fire,20200521-7C6DC-1982122,2020-05-18,2020-07-13,Kidde,KNCOSM-BA,,Combination CO Smoke Alarms,"The consumer indicates that none of her six alarms went off even though there was a carbon monoxide leak in her home due to her vehicle running in the garage for two and a half hours. The consumer contacted her Fire Department and they aired her home. Before they arrived, the consumer had opened doors and windows for fifteen minutes so their forty-six ppm CO reading was lower than it is believed to have been at its highest that day.

The consumer contacted the Manufacturer and explained the situation; the representative she spoke to indicated that they would send her replacement alarms if she shops them the ones in her home.

The consumer plans on keeping her alarms for the next thirty days in case an investigation ensues.

NOTE: The consumer has limited information on her alarms because it was already installed when she purchased her home in May 2018.",,UTC Fire & Security,,,,2017-03-21,,,,0,4,0.5,0.365217,0.571429,0.8,1,0,0,"[""shared_2plus_product_tokens""]",top_ranked_non_upc_candidate,pre_recall_public,low,high,unlabeled,,
ER-0052,9059,21130,2021-05-06,Kidde TruSense Smoke Alarms and Combination Smoke/Carbon Monoxide Alarms,Kidde Recalls TruSense Smoke and Combination Smoke/Carbon Monoxide Alarms Due to Risk of Failure to Alert Consumers to a Fire,"This recall involves Kidde TruSense Smoke Alarms and Combination Smoke/Carbon Monoxide Alarms. The recalled units are Kidde Model Series 2040, 2050, 2060 and 2070 Smoke and Combination Smoke/Carbon Monoxide alarms. Only alarms with the TruSense logo or ""AMBER=FAULT"" printed on the front of the alarm are included in this recall. The model number is printed on the back of the alarm. Model Alarm Type 2040-DSR Smoke 2050-DS10 Smoke 2060-ASR Smoke 2070-VDSCR Combination Smoke/Carbon Monoxide 2070-VASCR Combination Smoke/Carbon Monoxide 2070-VDSR Smoke 2070-VASR Smoke","[{""name"": ""The smoke alarm and the combination smoke/carbon monoxide (CO) alarm can fail to alert consumers to a fire."", ""hazard_type"": null, ""hazard_type_id"": null}]",[],"[{""name"": ""Walmart, Home Depot, Menards and other department, home and hardware stores and electrical distributors nationwide, and online at Amazon.com, ShopKidde.com and other online retailers from May 2019 through September 2020 for between $10 and $70."", ""company_id"": null}]",https://www.cpsc.gov/Recalls/2021/Kidde-Recalls-TruSense-Smoke-and-Combination-Smoke-Carbon-Monoxide-Alarms-Due-to-Risk-of-Failure-to-Alert-Consumers-to-a-Fire,20221015-FD40D-2147353325,2022-10-14,2022-11-01,Kidde,KN-COSM-BA,,Kidde combination Smoke and Carbon Monoxide detector,"Kidde Smoke detector didn't alarm (model # KN-COSM-BA), when room filled with smoke due to very smoke fire in stove that caused smoke to fill the room.",,UTC Fire & Security,Home Depot,,,2016-09-20,,,,0,5,0.555556,0.680851,0.714286,0.714286,1,0,0,"[""shared_2plus_product_tokens""]",top_ranked_non_upc_candidate,incident_on_or_after_recall,medium,high,unlabeled,,
ER-0053,9064,21744,2021-05-13,Model Year 2021 RZR PRO XP and RZR PRO XP 4 (ROVs),Polaris Recalls RZR Recreational Off-Road Vehicles Due to Fire Hazard (Recall Alert),"This recall involves Model Year 2021 RZR PRO XP and RZR PRO XP 4 off-road vehicles. The vehicles were sold in the following colors: Black, gray, red, sand, titanium, and white. The vehicles have two or four seats. POLARIS is stamped on the front grille and POLARIS and RZR are printed on the sides of the vehicle.","[{""name"": ""The vehicles were manufactured without copper seal washers on the turbocharger’s oil supply line, which can result in an oil leak, posing a fire hazard."", ""hazard_type"": null, ""hazard_type_id"": null}]",[],"[{""name"": ""Polaris dealers nationwide from November 2020 through March 2021 for between $22,700 and $32,300."", ""company_id"": null}]",https://www.cpsc.gov/Recalls/2021/Polaris-Recalls-RZR-Recreational-Off-Road-Vehicles-Due-to-Fire-Hazard-Recall-Alert,20230829-5D3AC-2147345484,2023-02-08,2023-09-15,Polaris,pro xp,,Polaris 2021 rzr pro xp turbo slver,I was riding my 2021 Polaris pro xp down a trail at about 45 mph then a sound of  a bomb going off and  scrap metal going everywhere including a peace flew by my head  the rear wheels lock up for a second then  spun us out into the woods into brush and trees . Found out the clutch had exploded the rzr was only 7 months old . Polaris took fault but did not pay for my medical expenses or towing  took a Polaris dealer 3 months to fix it .,,Polaris Industries Inc.,,,,2021-11-01,,,,0,3,0.375,0.510204,0.6,0.5,0,1,0,"[""shared_2plus_product_tokens""]",top_ranked_non_upc_candidate,incident_on_or_after_recall,medium,medium,unlabeled,,
ER-0054,9076,21142,2021-05-26,Bontrager Satellite City Bicycle Pedals,Trek Recalls Bontrager Satellite City Bicycle Pedals Due to Fall and Injury Hazards,"This recall involves Bontrager Satellite City Pedals, which were installed as original equipment on Trek ""Allant+,"" ""Dual Sport+,"" ""FX 2,"" ""FX 3,"" ""FX4,"" ""Verve 2,"" ""Verve 3,"" and ""Verve+"" model bicycles. ""ZTR02"" is stamped on the bicycle's pedal and on the pedals that were sold separately as a replacement part. The pedals have orange reflectors on the outside edges.","[{""name"": ""If the recalled pedals are incorrectly installed by the retailer during assembly, they can fall off the crank arm of the bicycle, posing fall and injury hazards to the rider."", ""hazard_type"": null, ""hazard_type_id"": null}]",[],"[{""name"": ""Trek Bicycle stores and other bicycle stores nationwide, and online at trekbikes.com from January 2018 through April 2021 for between $600 and $6,000. The pedals were also sold separately for about $30."", ""company_id"": null}]",https://www.cpsc.gov/Recalls/2021/Trek-Recalls-Bontrager-Satellite-City-Bicycle-Pedals-Due-to-Fall-and-Injury-Hazards,20210622-F36FC-2147363345,2021-06-21,2021-07-12,Bontrager,ZTR02,,"Bontrager Satellite City pedals (for bike)

Model ZTR02","You sent me a recall notice about Bontrager Satellite City Pedals, but offer unsatisfactory support when making a claim from a local retailer. You say do not ride the bike it the 2Tr02 is installed. I verified that the pedals on my bike match the recall notice. So I call the Trek Local Retailer for a swap out of pedals. To much of my demise, the Local Trek Retailer must take a photograph of the defective pedal, send the picture to Trek, and I must wait a couple of weeks for the two of you, Trek and Local Retailer to resolve the warranty issue. In the meantime, I must wait for you to respond, perhaps several weeks for the process resolution. Totally unacceptable! I expected the Local Retailer to verify the defective pedal, swap out to an approved safety pedal and off I go in a matter of a couple hours or overnight at the most. However, the current procedures require me to stay off the bike and wait for Trek and the Local retailer to resolve who is at fault before I receive adequate remedy. Who really cares about the in-store credit of $20. Just send me $20 ASAP and I’ll go on-line to [REDACTED] and order a pair of pedals that are safe for operation and forget about the weeks it take for you and the Local Retailer to resolve the issue.",,TREK BICYCLE CORPORATION,Hub Bicycles Roseville,,2020-12-15,,,,,0,4,0.571429,0.579439,0.8,0.666667,1,0,0,"[""shared_2plus_product_tokens""]",top_ranked_non_upc_candidate,incident_on_or_after_recall,medium,high,unlabeled,,
ER-0055,9080,21147,2021-06-03,Fisher-Price 4-in-1 Rock 'n Glide Soothers and 2-in-1 Soothe 'n Play Gliders,Fisher-Price Recalls 4-in-1 Rock 'n Glide Soothers After Four Infant Deaths; 2-in-1 Soothe 'n Play Gliders Also Recalled,"This recall involves CHP56, CHP55 and CBT81 4-in-1 Rock 'n Glide Soothers. This recall also involves the GDD28, GDD39, GDD41, GGW85, GNX43, GVG43, HBD26 and HBD27 of the 2-in-1 Soothe 'n Play Gliders. HBT17 is sold in Canada only. The products have two use modes: A powered glider seat and an infant rocker. In both modes, the product can move in a head-to-toe or side-to-side motion. The model number is located on the underside of the base.","[{""name"": ""Infants who are placed unrestrained in the product and later found on their stomach are at risk of suffocation."", ""hazard_type"": null, ""hazard_type_id"": null}]",[],"[{""name"": ""Juvenile product stores and mass merchandisers nationwide and online, including Walmart and Target stores and Amazon.com. The 4-in-1 Rock 'n Glide Soothers were sold from January 2014 through December 2020, for about $108. The 2-in-1 Soothe 'n Play Gliders were sold from November 2018 through May 2021, for about $125."", ""company_id"": null}]",https://www.cpsc.gov/Recalls/2021/Fisher-Price-Recalls-4-in-1-Rock-n-Glide-Soothers-After-Four-Infant-Deaths-2-in-1-Soothe-n-Play-Gliders-Also-Recalled,20210226-7A325-2147365649,2020-09-20,2021-04-08,fisher price,,,fisher price rock n play,Infant died after rolling over in a rock n play device while sleeping,,FISHER-PRICE BRANDS,,,,,,,,0,4,0.5,0.486486,0.5,1.0,1,0,0,"[""shared_2plus_product_tokens""]",top_ranked_non_upc_candidate,pre_recall_public,medium,high,unlabeled,,
ER-0056,9082,21150,2021-06-09,Klein Tools Non-Contact Voltage Tester Model NCVT-1,Non-Contact Voltage Testers Recalled by Klein Tools Due to Shock Hazard,"This recall involves Klein Tools Non-Contact Voltage Testers with model numbers NCVT1 and date codes ending H7. The product was also sold separately and in kits. The following model numbers are involved in the recall, all bearing date codes ending in H7. Model Number Description Retail Price (U.S. $) NCVT1 Non-Contact Voltage Tester 16.97 NCVT1SEN Non-Contact Voltage Tester with Sensormatic Tag 16.97 NCVT1EP Non-Contact Voltage Tester (Econo. Pack - Bubble Bag) 16.97 NCVT1A Non-Contact Voltage Tester (Asian Packaging) 16.97 NCVT1E Non-Contact Voltage Tester (European Packaging) 16.97 69149 KIT, 3PC, Multimeter Test Kit (Retail Clam Shell) 39.97 80018 KIT, 4PC, Residential Electrical Tool Kit (Poly-Bag & UPC Label) 49.99 80023 KIT, 3PC, Home Inspector Moisture Meter Kit, (Poly-Bag & UPC Label) 59.99 MPZ00001 KIT, 2PC, Pliers + NCVT1 Tester (Clam Shell) 51.72 MPZ00052R KIT, 3PC, Stripper/Cutter + NCVT1 Tester + RT210 GFCI Tester (Retail Clam Shell) 67.42 The meters have a yellow body housing with a tinted gray tip and have a black pocket clip/battery cap on the back. The part/model numbers are written on the top of each unit above the brand name KLEIN TOOLS and date codes are printed on the bottom of the unit under the brand name. The product is rated CAT IV and measures voltage up to 1,000 Volts.","[{""name"": ""The on/off button can remain depressed during the power on or power off cycle, causing the tester to work improperly. Consumers testing electrical sources could fail to be warned of the presence of live voltage if the tester is not properly operating, posing a shock hazard to the users."", ""hazard_type"": null, ""hazard_type_id"": null}]",[],"[{""name"": ""The Home Depot stores and industrial distributors, electrical wholesalers and some hardware stores nationwide from January 2020 through March 2021 for about $17 (for units sold separately) and about $40-$68 (for kits)."", ""company_id"": null}]",https://www.cpsc.gov/Recalls/2021/Non-Contact-Voltage-Testers-Recalled-by-Klein-Tools-Due-to-Shock-Hazard,20210621-66695-2147363385,2021-04-14,2021-07-16,Klein Tools,,,NON-CONTACT VOLTAGE TESTER,got shocked by live voltage,,KLEIN TOOLS INC,the Home Depot,,2021-04-06,,,,,0,6,0.857143,0.853933,0.857143,1.0,1,0,0,"[""shared_2plus_product_tokens""]",top_ranked_non_upc_candidate,pre_incident_published_after_recall,high,high,unlabeled,,
ER-0057,9082,21150,2021-06-09,Klein Tools Non-Contact Voltage Tester Model NCVT-1,Non-Contact Voltage Testers Recalled by Klein Tools Due to Shock Hazard,"This recall involves Klein Tools Non-Contact Voltage Testers with model numbers NCVT1 and date codes ending H7. The product was also sold separately and in kits. The following model numbers are involved in the recall, all bearing date codes ending in H7. Model Number Description Retail Price (U.S. $) NCVT1 Non-Contact Voltage Tester 16.97 NCVT1SEN Non-Contact Voltage Tester with Sensormatic Tag 16.97 NCVT1EP Non-Contact Voltage Tester (Econo. Pack - Bubble Bag) 16.97 NCVT1A Non-Contact Voltage Tester (Asian Packaging) 16.97 NCVT1E Non-Contact Voltage Tester (European Packaging) 16.97 69149 KIT, 3PC, Multimeter Test Kit (Retail Clam Shell) 39.97 80018 KIT, 4PC, Residential Electrical Tool Kit (Poly-Bag & UPC Label) 49.99 80023 KIT, 3PC, Home Inspector Moisture Meter Kit, (Poly-Bag & UPC Label) 59.99 MPZ00001 KIT, 2PC, Pliers + NCVT1 Tester (Clam Shell) 51.72 MPZ00052R KIT, 3PC, Stripper/Cutter + NCVT1 Tester + RT210 GFCI Tester (Retail Clam Shell) 67.42 The meters have a yellow body housing with a tinted gray tip and have a black pocket clip/battery cap on the back. The part/model numbers are written on the top of each unit above the brand name KLEIN TOOLS and date codes are printed on the bottom of the unit under the brand name. The product is rated CAT IV and measures voltage up to 1,000 Volts.","[{""name"": ""The on/off button can remain depressed during the power on or power off cycle, causing the tester to work improperly. Consumers testing electrical sources could fail to be warned of the presence of live voltage if the tester is not properly operating, posing a shock hazard to the users."", ""hazard_type"": null, ""hazard_type_id"": null}]",[],"[{""name"": ""The Home Depot stores and industrial distributors, electrical wholesalers and some hardware stores nationwide from January 2020 through March 2021 for about $17 (for units sold separately) and about $40-$68 (for kits)."", ""company_id"": null}]",https://www.cpsc.gov/Recalls/2021/Non-Contact-Voltage-Testers-Recalled-by-Klein-Tools-Due-to-Shock-Hazard,20210630-64C4C-2147363196,2021-06-30,2021-07-26,Klein Tools,NCVT-1,,No Contact Voltage Tester,"The on/off button does not function properly, comes on by itself and goes off during use.  Constantly need to check to verify status, will go off during use,  while it does have an auto off function, is not it does not work in a predictable pattern.  it is a NCVT-1 date code 07158-G6  this has been an ongoing issue but is becoming more unpredictable",,KLEIN TOOLS INC,Home Depot,,2020-07-20,,,,,0,6,0.857143,0.778947,0.857143,1.0,1,1,0,"[""shared_2plus_product_tokens""]",top_ranked_non_upc_candidate,incident_on_or_after_recall,high,high,unlabeled,,
ER-0058,9098,21762,2021-07-08,SOWTECH Espresso Machines with Glass Carafes,LoHi Tech Recalls SOWTECH Espresso Machines Due to Burn Hazard (Recall Alert),"This recall involves SOWTECH Espresso Machines with model number CM6811. They are black and were sold with a glass carafe. ""SOWTECH"" is printed in large black type on the metal front panel and ""Model CM6811"" is printed on a silver label on the bottom of the machine.","[{""name"": ""The glass carafe can break while in use, posing a burn hazard to consumers."", ""hazard_type"": null, ""hazard_type_id"": null}]",[],"[{""name"": ""Online at Amazon.com and lohi-direct.com from March 2017 through October 2020 for about $60."", ""company_id"": null}]",https://www.cpsc.gov/Recalls/2021/LoHi-Tech-Recalls-SOWTECH-Espresso-Machines-Due-to-Burn-Hazard-Recall-Alert,20210709-3257F-2147363000,2021-04-10,2021-07-28,Sowtech,Model CM6811,Not sure,SOWTECH Espresso Machines with Glass Carafes,My two teenagers were making an espresso like they did most days.  Somehow there was too much steam pressure in the hot water area and it shot out and broke the glass carafe.  We threw the whole thing away since the glass broke and we thought it was dangerous.  We purchased a more trusted brand of single serve coffee instead to replace it.  Luckily my kids did not get hurt by the accident.,,LoHi Tech Inc,Amazon,,2020-12-01,2020-10-01,,,,0,5,0.833333,0.807339,1.0,0.833333,1,0,0,"[""shared_2plus_product_tokens""]",top_ranked_non_upc_candidate,pre_incident_published_after_recall,high,high,unlabeled,,
ER-0059,9098,21762,2021-07-08,SOWTECH Espresso Machines with Glass Carafes,LoHi Tech Recalls SOWTECH Espresso Machines Due to Burn Hazard (Recall Alert),"This recall involves SOWTECH Espresso Machines with model number CM6811. They are black and were sold with a glass carafe. ""SOWTECH"" is printed in large black type on the metal front panel and ""Model CM6811"" is printed on a silver label on the bottom of the machine.","[{""name"": ""The glass carafe can break while in use, posing a burn hazard to consumers."", ""hazard_type"": null, ""hazard_type_id"": null}]",[],"[{""name"": ""Online at Amazon.com and lohi-direct.com from March 2017 through October 2020 for about $60."", ""company_id"": null}]",https://www.cpsc.gov/Recalls/2021/LoHi-Tech-Recalls-SOWTECH-Espresso-Machines-Due-to-Burn-Hazard-Recall-Alert,20210802-889EC-2147361422,2021-08-01,2021-08-19,SOWTECH,9134060348,B07FTWKJZY,"SOWTECH Espresso Machines with Glass Carafes, black",Was making my espresso and the glass shattered and I got burned.,,LoHi Tech Inc,Amazon,,2020-07-01,,,,,0,5,0.714286,0.778761,1.0,0.714286,1,0,0,"[""shared_2plus_product_tokens""]",top_ranked_non_upc_candidate,incident_on_or_after_recall,high,high,unlabeled,,
ER-0060,9109,21768,2021-07-27,Removable Foam Facial Interfaces for Oculus Quest 2 Virtual Reality Headsets,Facebook Technologies Recalls Removable Foam Facial Interfaces for Oculus Quest 2 Virtual Reality Headsets Due to Skin Irritation Hazard (Recall Alert),"This recall involves Oculus Quest 2 Virtual Reality Headsets removable foam facial interfaces, included with a purchase of Oculus Quest 2 Headsets, and sold separately as a ""Quest 2 Standard Facial Interface"" or in a ""Quest 2 Fit Pack."" Only headsets with the SKUs in the table below or the serial numbers identified below are included in the recall. The SKU and serial number are located on a label on the retail packaging of the headset. Additionally, the serial number can be found on the user's account, on the Oculus app or on the headset. For instructions on locating the headset serial number consumers should go to https://support.oculus.com/articles/getting-started/getting-started-with-quest-2/serial-numbers-quest-2/. Product Description SKU Oculus Quest 2, 64 GB, US/TW, Type-A 301-00350-01 Oculus Quest 2, 256 GB, US/TW, Type-A 301-00351-01 Oculus Quest 2, Accy, Standard Facial Interface, Global 301-00409-01 Oculus Quest 2, Accy, Fit Pack, Global 301-00374-01 Oculus Quest 2, Enterprise, 256 GB, US/CA/TW, Type-A 301-00402-01 Affected headset serial numbers Headset serial numbers that start with ""1WMHH"" and end with a number below ""1264"" The foam interface is black in color and is attached to the Oculus Quest 2 headset, and is the interface between the headset and the user's face. Unit numbers above include facial interfaces manufactured for sale with headsets and to be sold separately, as well as warranty replacements. For additional information visit the Oculus blog at https://www.oculus.com/community-letter/.","[{""name"": ""The foam facial interfaces can cause facial skin irritation and reactions including rashes, swelling, burning, itching, hives, and bumps."", ""hazard_type"": null, ""hazard_type_id"": null}]",[],"[{""name"": ""BestBuy, GameStop, Target, Walmart, and other retailers, and online at Oculus.com, Amazon.com, BestBuy.com, Gamestop.com, Target.com, and Walmart.com between October 2020 and July 2021. The foam facial interfaces which were included with headsets sold for between $300 and $400, depending on the model; about $20 for a facial interface sold individually; and about $40 as part of a Fit Pack."", ""company_id"": null}]",https://www.cpsc.gov/Recalls/2021/Facebook-Technologies-Recalls-Removable-Foam-Facial-Interfaces-for-Oculus-Quest-2-Virtual-Reality-Headsets-Due-to-Skin-Irritation-Hazard-Recall-Alert,20210728-97A8E-2147361557,2021-07-08,2021-08-13,Facebook Foam Facial Interfaces for Occulus,Facebook Foam Facial Interfaces for Occulus,301-00409-01,Facebook's Removable Foam Facial Interfaces for Oculus Quest 2 Virtual Reality Headsets,"I developed a severe rash on both  sides of my face after using the removable foam facial interface for Oculus Quest 2 Virtual Reality Headsets. It was very dry, red and itchy. I sought medical attention and was prescribed a steroid cream to address the rash.",,"Facebook Technologies, LLC",Amazon,,2021-05-12,,,,,0,9,0.818182,0.605578,1.0,0.818182,0,0,0,"[""shared_2plus_product_tokens""]",top_ranked_non_upc_candidate,pre_incident_published_after_recall,medium,high,unlabeled,,
ER-0061,9109,21768,2021-07-27,Removable Foam Facial Interfaces for Oculus Quest 2 Virtual Reality Headsets,Facebook Technologies Recalls Removable Foam Facial Interfaces for Oculus Quest 2 Virtual Reality Headsets Due to Skin Irritation Hazard (Recall Alert),"This recall involves Oculus Quest 2 Virtual Reality Headsets removable foam facial interfaces, included with a purchase of Oculus Quest 2 Headsets, and sold separately as a ""Quest 2 Standard Facial Interface"" or in a ""Quest 2 Fit Pack."" Only headsets with the SKUs in the table below or the serial numbers identified below are included in the recall. The SKU and serial number are located on a label on the retail packaging of the headset. Additionally, the serial number can be found on the user's account, on the Oculus app or on the headset. For instructions on locating the headset serial number consumers should go to https://support.oculus.com/articles/getting-started/getting-started-with-quest-2/serial-numbers-quest-2/. Product Description SKU Oculus Quest 2, 64 GB, US/TW, Type-A 301-00350-01 Oculus Quest 2, 256 GB, US/TW, Type-A 301-00351-01 Oculus Quest 2, Accy, Standard Facial Interface, Global 301-00409-01 Oculus Quest 2, Accy, Fit Pack, Global 301-00374-01 Oculus Quest 2, Enterprise, 256 GB, US/CA/TW, Type-A 301-00402-01 Affected headset serial numbers Headset serial numbers that start with ""1WMHH"" and end with a number below ""1264"" The foam interface is black in color and is attached to the Oculus Quest 2 headset, and is the interface between the headset and the user's face. Unit numbers above include facial interfaces manufactured for sale with headsets and to be sold separately, as well as warranty replacements. For additional information visit the Oculus blog at https://www.oculus.com/community-letter/.","[{""name"": ""The foam facial interfaces can cause facial skin irritation and reactions including rashes, swelling, burning, itching, hives, and bumps."", ""hazard_type"": null, ""hazard_type_id"": null}]",[],"[{""name"": ""BestBuy, GameStop, Target, Walmart, and other retailers, and online at Oculus.com, Amazon.com, BestBuy.com, Gamestop.com, Target.com, and Walmart.com between October 2020 and July 2021. The foam facial interfaces which were included with headsets sold for between $300 and $400, depending on the model; about $20 for a facial interface sold individually; and about $40 as part of a Fit Pack."", ""company_id"": null}]",https://www.cpsc.gov/Recalls/2021/Facebook-Technologies-Recalls-Removable-Foam-Facial-Interfaces-for-Oculus-Quest-2-Virtual-Reality-Headsets-Due-to-Skin-Irritation-Hazard-Recall-Alert,20210729-575E8-2147361515,2021-05-21,2021-08-16,Oculus Quest 2,KW49CM,20849-M6KR,Removable Foam Facial Interfaces for Oculus Quest 2 Virtual Reality Headsets,A rash developed on my kids’ faces,,"Facebook Technologies, LLC",Amazon,,2021-03-27,,,,,0,9,0.9,0.873563,1.0,0.9,1,0,0,"[""shared_2plus_product_tokens""]",top_ranked_non_upc_candidate,pre_incident_published_after_recall,high,high,unlabeled,,
ER-0062,9112,21173,2021-07-29,Generac® and DR® 6500 Watt and 8000 Watt portable generators,Generac Recalls Portable Generators Due to Finger Amputation and Crushing Hazards,"This recall involves 6500 watt and 8000 watt Generac portable generators with unit type numbers XT8000E, XT8000EFI, GP6500, GP6500E, GP8000E and HomeLink 6500E portable generators, and DR models PRO 6500M and PRO 6500E portable generators. The generators have gasoline-powered engines that are used to generate electricity for use as backup power. The portable generators have two-wheels and a single, U-shaped, two-grip, flip-up pin-lock handle to help move the generator. Only the generators listed below are included in this recall. The unit type is identified on the front of the product. The model and serial numbers are printed on a label on the product. Consumers can also check specific unit type, model number, and serial number location information at www.generac.com/service-support/product-support-lookup Unit Type Model Number First Serial Number Last Serial Number XT8000E G0064330 G0064331 3000037849 3005569372 G0064340 G0064342 XT8000EFI G0071620 G0071621 3003336356 3006597843 G0071621R GP6500 G0076720 G0076800 G0076800R G0076812 G0076830 G0076830R G0076902 G0076902R G0076903 GP6500E G0076820 G0076820R G0076822 GP8000E G0076731 G0076751 G0076751R G0076761 G0076761R G0076861 G0076861R PRO 6500M GP16505DMN GP16505DMNR PRO 6500E GP16505DEN HomeLink 6500E G0068650 G0068651 G0079960","[{""name"": ""An unlocked handle can pinch consumers' fingers against the generator frame when the generator is moved, posing finger amputation and crushing hazards."", ""hazard_type"": null, ""hazard_type_id"": null}]","[{""name"": ""Generac Power Systems, of Waukesha, Wis."", ""company_id"": null}]","[{""name"": ""Major home improvement and hardware stores nationwide and online, including Ace Hardware, Amazon, Blain's Farm & Fleet, City Electric Supply, Costco, Do it Best, Fastenal, Home Depot, Lowe's Stores, Napa Auto Parts, Northern Tool & Equipment, Orgill, Power Equipment Direct, Ravitsky Bros., True Value, and W.W. Grainger from June 2013 through June 2021 for between $790 and $1,480."", ""company_id"": null}]",https://www.cpsc.gov/Recalls/2021/Generac-Recalls-Portable-Generators-Due-to-Finger-Amputation-and-Crushing-Hazards,20210806-072D8-2147361318,2020-10-08,2021-08-26,Generac,6500 Generac portable generator,,"Generac 6500 portable generator, orange","I was moving my generator across the yard with my left hand on the handle and my right hand pushing on the frame when I hit a hole and it came to a sudden stop, the back of the generator came up and then went back down my index finger went between the frame and the handle  crushing it with bleeding and severe pain I with to my kneels. It was around six to seven months before I was able to use my finger and still to this day it is still sensitive.",,"GENERAC POWER SYSTEMS, INC.",,,,,,,,0,3,0.375,0.485294,0.5,0.6,1,0,0,"[""shared_2plus_product_tokens""]",top_ranked_non_upc_candidate,pre_incident_published_after_recall,medium,medium,unlabeled,,
ER-0063,9112,21173,2021-07-29,Generac® and DR® 6500 Watt and 8000 Watt portable generators,Generac Recalls Portable Generators Due to Finger Amputation and Crushing Hazards,"This recall involves 6500 watt and 8000 watt Generac portable generators with unit type numbers XT8000E, XT8000EFI, GP6500, GP6500E, GP8000E and HomeLink 6500E portable generators, and DR models PRO 6500M and PRO 6500E portable generators. The generators have gasoline-powered engines that are used to generate electricity for use as backup power. The portable generators have two-wheels and a single, U-shaped, two-grip, flip-up pin-lock handle to help move the generator. Only the generators listed below are included in this recall. The unit type is identified on the front of the product. The model and serial numbers are printed on a label on the product. Consumers can also check specific unit type, model number, and serial number location information at www.generac.com/service-support/product-support-lookup Unit Type Model Number First Serial Number Last Serial Number XT8000E G0064330 G0064331 3000037849 3005569372 G0064340 G0064342 XT8000EFI G0071620 G0071621 3003336356 3006597843 G0071621R GP6500 G0076720 G0076800 G0076800R G0076812 G0076830 G0076830R G0076902 G0076902R G0076903 GP6500E G0076820 G0076820R G0076822 GP8000E G0076731 G0076751 G0076751R G0076761 G0076761R G0076861 G0076861R PRO 6500M GP16505DMN GP16505DMNR PRO 6500E GP16505DEN HomeLink 6500E G0068650 G0068651 G0079960","[{""name"": ""An unlocked handle can pinch consumers' fingers against the generator frame when the generator is moved, posing finger amputation and crushing hazards."", ""hazard_type"": null, ""hazard_type_id"": null}]","[{""name"": ""Generac Power Systems, of Waukesha, Wis."", ""company_id"": null}]","[{""name"": ""Major home improvement and hardware stores nationwide and online, including Ace Hardware, Amazon, Blain's Farm & Fleet, City Electric Supply, Costco, Do it Best, Fastenal, Home Depot, Lowe's Stores, Napa Auto Parts, Northern Tool & Equipment, Orgill, Power Equipment Direct, Ravitsky Bros., True Value, and W.W. Grainger from June 2013 through June 2021 for between $790 and $1,480."", ""company_id"": null}]",https://www.cpsc.gov/Recalls/2021/Generac-Recalls-Portable-Generators-Due-to-Finger-Amputation-and-Crushing-Hazards,20221220-8075F-2147351960,2022-09-22,2023-01-10,Generac,XT8000E,,Generac® and DR® 6500 Watt and 8000-Watt portable generators,"I purchased Generac Portable Generators, which is recalled last year because of due to Finger Amputation and Crushing Hazards.  I called Generac recall customer support on September 2022, and they informed will send a replacement handle, I still have not received any new replacement handle or any answers.  I also cut my finger near the handle recently.   Hope they do any reaction for recall.",,"GENERAC POWER SYSTEMS, INC.",,,,,,,,0,6,0.857143,0.878788,1.0,0.857143,1,0,0,"[""shared_2plus_product_tokens""]",top_ranked_non_upc_candidate,incident_on_or_after_recall,high,high,unlabeled,,
ER-0064,9116,21175,2021-08-04,"LG Chem ""RESU10H"" Lithium-Ion Residential Energy Storage System Batteries",LG Energy Solution Michigan Recalls Home Energy Storage Batteries Due to Fire Hazard,This recall involves LG Chem Model RESU 10H lithium-ion storage batteries that were installed as part of a residential energy solar panel system. The recalled batteries allow owners to capture and store energy from the solar panels. The batteries are wall mounted and measure about 29 by 36 by 8 inches. They weigh roughly 220 pounds. The LG logo is located on the top left side of the front panel. The serial number of the recalled product begins with R15563P3 and is located behind the access door of the RESU home battery.,"[{""name"": ""The home batteries can overheat, posing a risk of fire and emission of harmful smoke."", ""hazard_type"": null, ""hazard_type_id"": null}]",[],"[{""name"": ""Various distributors of solar energy storage systems nationwide, including, but not limited to Sunrun, AEE Solar, Baywa, CED, Krannich, Independent Electric Supply, and Inter Island Solar Supply from January 2017 through April 2019 for about $8,000."", ""company_id"": null}]",https://www.cpsc.gov/Recalls/2021/LG-Energy-Solution-Michigan-Recalls-Home-Energy-Storage-Batteries-Due-to-Fire-Hazard-0,20211001-84F99-2147359334,2021-09-23,2021-10-21,LG,Resu 10H R15563P3SSEG,,LG Chem “RESU10H” Lithium-Ion Residential Energy Storage System Batteries,"The whole-home battery pack is inflating and cracking open, built-in safety fuses already blew rendering it inoperable and it has continued to inflate.",,LG Chem Michigan Inc.,,,,,,,,0,9,0.75,0.850299,1.0,0.75,1,0,0,"[""shared_2plus_product_tokens""]",top_ranked_non_upc_candidate,incident_on_or_after_recall,high,high,unlabeled,,
ER-0065,9123,21179,2021-08-17,Zen Magnets and Neoballs Magnets,Zen Magnets and Neoballs Magnets Recalled Due to Ingestion Hazard,"This mandatory recall involves all Zen Magnets and Neoballs magnets. Zen Magnets and Neoballs are high-powered 5 mm spherical magnets. Zen Magnets were sold individually and in sets of 72, 216 with 6 spares, and 1,728 with 8 spares. Neoballs were sold individually and in sets in the following colors: silver, gold, red, orange, green, red, blue, and purple. ""Zen Magnets"" or ""Neoballs"" is printed on the packaging.","[{""name"": ""When two or more high-powered magnets are swallowed, either accidentally or intentionally, the ingested magnets can attract to each other, or to another metal object, and become lodged in the digestive system. This can result in perforations, twisting and/or blockage of the intestines, infection, blood poisoning, and death."", ""hazard_type"": null, ""hazard_type_id"": null}]",[],"[{""name"": ""Online at Neoballs.com and ZenMagnets.com and certain Colorado retailers listed below beginning in January 2009 for between $12 and $264 per set, or individually for 6 to 10 cents per magnet. Colorado Retailers of Zen Magnets Botanico, 3054 Larimer Street, Denver, Colo.80205 Chronic Life, 12 Federal Boulevard, Denver, Colo. 80219 The Glass Hut, 1350 South Sheridan Boulevard #9, Denver, Colo. 80232 The Hemp Center - Colorado Springs, 2501 West Colorado Avenue #106, Colorado Springs, Colo. 80904 The Hemp Center - Littleton, 2430 West Main Street, Littleton, Colo. 80120 Herbal Alternatives: New Broadsterdam, 2568 South Broadway, Denver, Colo. 80210 Herbal Dazed, 6525 Federal Boulevard, Denver, Colo. 80221 Hobby Town - Aurora, 1915 South Havana Street, Aurora, Colo. 80014 Hobby Town - Lakewood, 3355 South Wadsworth Boulevard, Lakewood, Colo. 80227 Lightshade on Holly, 3950 North Holly Street, Denver, Colo. 80207 Lyon's Finest 2, 11080 East 47th Avenue, Denver, Colo. 80239 Meadowlark 64, 2701 Larimer Street, Denver, Colo. 80205 MK Vapor, 10273 East Iliff Avenue, Aurora, Colo. 80247 Nimbus Smoke Stop, 2960 South Federal Boulevard #7, Denver, Colo. 80236 Octpipe, 5303 Leetsdale Drive, Denver, Colo. 80246 Science Toy Magic, 11 Old Town Sq., Fort Collins, Colo. 80524 Secret Stashh Gifts, 3655 Brighton Boulevard, Denver, Colo. 80216 Soldis, Colorado Mills Mall, Lakewood, Colo. 80401 Vaper Jungle, 7033 East Colfax Avenue, Denver, Colo. 80220"", ""company_id"": null}]",https://www.cpsc.gov/Recalls/2021/Zen-Magnets-and-Neoballs-Magnets-Recalled-Due-to-Ingestion-Hazard,20210818-8BB86-2147361030,2020-05-11,2021-09-03,Zen Magnets,,,"Zen Magnets, green","I believe it was Christmas of 2018, our three children (at time were ages 8,11 and 12) received a ""mystery box"" as a Christmas gift from a company called Vat19.  The box was marketed to all ages.  In that box were some games, gummy candy and a box of Zen Magnets.  The kids didn't care for many of the items and we either tossed them or put them in a closet to maybe play with later.  Fast forward to Spring of 2020.  My daughter, now 9 almost 10, pulls the Zen Magnets out to play with.  Being almost 10, I figured they were safe for her to play with.  On May 11th, 2020 our daughter got violently ill after dinner.  We thought it was food poisoning from a veggie burger she had eaten as the rest of us had hamburgers and were fine.  Since we were in covid lockdown, we knew she couldn't have a stomach bug.  She got a good night's sleep and was fine for almost 4 days.  On May 15, 2020, again at dinner time, she said her stomach was killing her.  She was up all night in pain, and vomited a lot more this time.  As if it was 4 days worth of food.  The vomiting continued into the next morning.  I decided to call the pediatrician as I figured it had to be her appendix.  We did a telehealth call and they sent us to Boston Children's Hospital for an exam.  The ER sent us to x-ray and right away the xray showed 3 little dots.  We asked my daughter and she admitted to swallowing the Zen Magnets.  

The magnets perforated her bowels and created a blockage.  In the very early morning of May 17, 2020, Boston Children's Hospital was able to remove the magnets and repair her bowels.  So grateful to have this hospital nearby.",,Zen Magnets LLC,Vat19.com,,2018-12-01,,,,,0,2,0.5,0.688525,0.666667,0.666667,1,0,0,"[""shared_2plus_product_tokens""]",top_ranked_non_upc_candidate,pre_incident_published_after_recall,medium,high,unlabeled,,
ER-0066,9123,21179,2021-08-17,Zen Magnets and Neoballs Magnets,Zen Magnets and Neoballs Magnets Recalled Due to Ingestion Hazard,"This mandatory recall involves all Zen Magnets and Neoballs magnets. Zen Magnets and Neoballs are high-powered 5 mm spherical magnets. Zen Magnets were sold individually and in sets of 72, 216 with 6 spares, and 1,728 with 8 spares. Neoballs were sold individually and in sets in the following colors: silver, gold, red, orange, green, red, blue, and purple. ""Zen Magnets"" or ""Neoballs"" is printed on the packaging.","[{""name"": ""When two or more high-powered magnets are swallowed, either accidentally or intentionally, the ingested magnets can attract to each other, or to another metal object, and become lodged in the digestive system. This can result in perforations, twisting and/or blockage of the intestines, infection, blood poisoning, and death."", ""hazard_type"": null, ""hazard_type_id"": null}]",[],"[{""name"": ""Online at Neoballs.com and ZenMagnets.com and certain Colorado retailers listed below beginning in January 2009 for between $12 and $264 per set, or individually for 6 to 10 cents per magnet. Colorado Retailers of Zen Magnets Botanico, 3054 Larimer Street, Denver, Colo.80205 Chronic Life, 12 Federal Boulevard, Denver, Colo. 80219 The Glass Hut, 1350 South Sheridan Boulevard #9, Denver, Colo. 80232 The Hemp Center - Colorado Springs, 2501 West Colorado Avenue #106, Colorado Springs, Colo. 80904 The Hemp Center - Littleton, 2430 West Main Street, Littleton, Colo. 80120 Herbal Alternatives: New Broadsterdam, 2568 South Broadway, Denver, Colo. 80210 Herbal Dazed, 6525 Federal Boulevard, Denver, Colo. 80221 Hobby Town - Aurora, 1915 South Havana Street, Aurora, Colo. 80014 Hobby Town - Lakewood, 3355 South Wadsworth Boulevard, Lakewood, Colo. 80227 Lightshade on Holly, 3950 North Holly Street, Denver, Colo. 80207 Lyon's Finest 2, 11080 East 47th Avenue, Denver, Colo. 80239 Meadowlark 64, 2701 Larimer Street, Denver, Colo. 80205 MK Vapor, 10273 East Iliff Avenue, Aurora, Colo. 80247 Nimbus Smoke Stop, 2960 South Federal Boulevard #7, Denver, Colo. 80236 Octpipe, 5303 Leetsdale Drive, Denver, Colo. 80246 Science Toy Magic, 11 Old Town Sq., Fort Collins, Colo. 80524 Secret Stashh Gifts, 3655 Brighton Boulevard, Denver, Colo. 80216 Soldis, Colorado Mills Mall, Lakewood, Colo. 80401 Vaper Jungle, 7033 East Colfax Avenue, Denver, Colo. 80220"", ""company_id"": null}]",https://www.cpsc.gov/Recalls/2021/Zen-Magnets-and-Neoballs-Magnets-Recalled-Due-to-Ingestion-Hazard,20210902-F2F45-2147360723,2021-05-20,2021-09-28,Neoballs,,,Neoballs magnets,"My 9yr old daughter just had surgery in may for swallowing these magnets, she lost 6inches of her bowels as well",,Zen Magnets LLC,Amazon,,2021-02-01,,,,,0,2,0.666667,0.701754,0.666667,1.0,1,0,0,"[""shared_2plus_product_tokens""]",top_ranked_non_upc_candidate,pre_incident_published_after_recall,high,high,unlabeled,,
ER-0067,9134,21189,2021-08-25,Hovertrax 2.0 Self-Balancing Scooters/Hoverboards with GLW Battery Packs,Razor USA Recalls GLW Battery Packs Sold with Hovertrax 2.0 Self-Balancing Hoverboards Due to Fire Hazard,"This recall involves the removable GLW battery packs installed in UL-Listed Hovertrax 2.0 brand self-balancing scooters/hoverboards manufactured between September 2016 and August 2017. GLW's battery packs were certified as compliant with ANSI/UL Standard 2271 by UL. Hovertrax hoverboards have two wheels at either end of articulated dual platforms and are powered by GLW battery packs. The battery packs have the name GLW written in large letters on the packs themselves. The battery packs have serial numbers beginning with GLW, which is printed on a white sticker on the top of the battery pack, below the bar code. Hovertrax 2.0 is printed on the front of the hoverboard. The hoverboards were sold in black, black monochrome, blue, green, red, red monochrome, white, rose gold, camouflage, ocean blue, purple colors, and three multicolor patterns called Spectrum, Galaxy and Carbon.","[{""name"": ""The lithium-ion GLW battery packs in the self-balancing scooters/hoverboards can overheat, posing a risk of the products smoking, catching fire and/or exploding."", ""hazard_type"": null, ""hazard_type_id"": null}]",[],"[{""name"": ""Walmart, Target, Toys R Us and other stores nationwide and online at Walmart.com, Amazon.com and other websites from September 2016 through 2018 for about $460."", ""company_id"": null}]",https://www.cpsc.gov/Recalls/2021/Razor-USA-Recalls-GLW-Battery-Packs-Sold-with-Hovertrax-2-0-Self-Balancing-Hoverboards-Due-to-Fire-Hazard,20210826-F5FB6-2147360882,2021-08-25,2021-09-15,Razor,Hovertrax 2.0,,This is the Hovertrax 2.0 Self-Balancing Scooters/Hoverboards with GLW Battery Packs,The razor started putting off smoke while it was charging in the house. We had to unplug it and remove it from the home. I am thankful that we were home because if it had continued it would have turned to fire. The razor is not operable due to this incident.,,Razor USA LLC,,,,,,,,0,8,0.888889,0.818182,1.0,0.888889,0,1,0,"[""shared_2plus_product_tokens""]",top_ranked_non_upc_candidate,incident_on_or_after_recall,high,high,unlabeled,,
ER-0068,9145,21783,2021-09-16,E-Z-GO PTVs and Tracker Off-Road Vehicles,Textron Specialized Vehicles Recalls PTV and Off-Road Vehicles Due to Crash Hazard (Recall Alert),"This recall involves Personal Transportation Vehicles (PTV) and Utility Vehicles, based on Textron Specialized Vehicles' TXT chassis, manufactured between March 1, 2021 and June 10, 2021. Recalled vehicles include the E-Z-GO Express S2, S4, S6 and L6, the E-Z-GO Freedom TXT, Valor and the Tracker Off-Road OX 400. These vehicles are commonly referred to as golf carts or golf cars and are used to transport people and material loads. The vehicle's serial number can be found below the driver's seat. The serial number range for the recalled E-Z-GO vehicles is 3509365 to 3531888 and the serial number range for the recalled Tracker Off Road vehicles is 8025639 to 8026154.","[{""name"": ""The parking brake catch bracket can wear out and cause the parking brake to fail, posing a crash hazard."", ""hazard_type"": null, ""hazard_type_id"": null}]","[{""name"": ""Textron Specialized Vehicles, of Augusta, Georgia"", ""company_id"": null}]","[{""name"": ""E-Z-GO and Tracker Off-Road dealerships nationwide, online via E-Z-GO's Dealer to Driveway program, and through Tracker Off-Road Ready to Buy program from March 2021 through August 2021 for between $6,000 and $13,000"", ""company_id"": null}]",https://www.cpsc.gov/Recalls/2021/Textron-Specialized-Vehicles-Recalls-PTV-and-Off-Road-Vehicles-Due-to-Crash-Hazard-Recall-Alert,20230621-954DF-2147346872,2023-05-10,2023-07-10,Textron,800sx le,Na,2023 Tracker Off-road 800sx le,2023 Tracker Off-road 800sx le continuously jumps out of park. Almost ran over myself and a passenger. I was able to use my body to stop the unit from rolling over the passenger. Checked and unit showed it was in park. Had it been on any steeper incline there would have been multiple injuries. Unit has been in the factory repair shop since 5/16/23 with no signs of resolution. I've looked on [REDACTED] and there are many others with this same issue.,,BASS PRO SHOPS,"Bass Pro Shops - Leeds, Al",,2023-01-17,2022-08-03,,,,0,3,0.375,0.5,0.6,0.5,0,0,0,"[""shared_2plus_product_tokens""]",top_ranked_non_upc_candidate,incident_on_or_after_recall,medium,medium,unlabeled,,
ER-0069,9155,22701,2021-10-07,Zoom 360 Ultralight jogging strollers,Joovy Recalls Zoom 360 Ultralight Jogging Strollers Due to Fall Hazard (Recall Alert),"This recall involves Zoom 360 Ultralight jogging strollers with SKU 8060, 8061, 8067 and 8069 and a batch number between March 2020 (03-XX-20) and October 2020 (10-XX-20). The strollers were sold in black, blueberry, charcoal and red colors and weigh about 26 lbs. The stroller label on the inside leg contains the SKU and batch numbers. ""Joovy"" is written across the front of the stroller and ""Zoom Ultralight"" is written on the parent organizer attachment on the bottom of the stroller. See Joovy's video at https://vimeo.com/574693044/09c3d0418c to install the repair.","[{""name"": ""The stroller's front wheel bearing can fail or detach, posing a fall and injury hazard."", ""hazard_type"": null, ""hazard_type_id"": null}]",[],"[{""name"": ""Independent specialty juvenile stores nationwide and online at Joovy.com, Amazon.com, BuyBuyBaby.com and Target.com from May 2020 through December 2020 for about $250."", ""company_id"": null}]",https://www.cpsc.gov/Recalls/2022/Joovy-Recalls-Zoom-360-Ultralight-Jogging-Strollers-Due-to-Fall-Hazard-Recall-Alert,20220803-7F673-2147354632,2022-05-04,2022-10-14,Joovy,,,Zoom 360 Ultralight jogging stroller,The front wheel is very wobbly. I can't go faster than a walk without it shaking. If I go faster than a walk I have to lift the front tire off of the ground. I [REDACTED] it and saw there is a recall on it for issues with the front wheel so I'm assuming this is the issue its referring to. It started back in May and I'm just getting around to checking it. I've been using our back up cheap stroller most of the time.,,Joovy,Amazon,,2021-03-20,,,,,0,4,0.571429,0.911392,0.8,0.666667,0,0,0,"[""shared_2plus_product_tokens""]",top_ranked_non_upc_candidate,incident_on_or_after_recall,high,high,unlabeled,,
ER-0070,9178,22711,2021-11-18,AmazonBasics Memory Foam Mattresses,Amazon Recalls AmazonBasics Mattresses Due to Violation of Federal Flammability Standard (Recall Alert),"The recall involves AmazonBasics Memory Foam Mattresses in 10"" and 12"" sizes. The recalled mattresses were manufactured in twin, full, queen, king and California king sizes. The mattresses are white with ""amazonbasics"" printed on the foot panel and have a white federal label with ""Amazon.com Services Inc."" identified as the importer.","[{""name"": ""The mattresses fail to meet the mandatory federal flammability standard for mattresses, posing a fire hazard."", ""hazard_type"": null, ""hazard_type_id"": null}]",[],"[{""name"": ""Amazon.com from April 2020 through March 2021 for between $150 and $450."", ""company_id"": null}]",https://www.cpsc.gov/Recalls/2022/Amazon-Recalls-AmazonBasics-Mattresses-Due-to-Violation-of-Federal-Flammability-Standard-Recall-Alert,20200310-E241F-2147374430,2020-03-10,2020-05-05,Molblly,,,Memory Foam Mattress,"I was recently sold a mattress from an online seller & there was no law label on the mattress, which is highly illegal. I was originally hesitant to buy from the seller as their [REDACTED] profile (see below link) stated they were based in China & I did not want a product made in China.

[REDACTED]

I was quickly informed from the seller that the mattresses come from Vietnam. But after I received the mattress & inquired about the missing law label the seller got very defensive. They sent several import documents that seemed to backup their claims that the mattresses were indeed made in Vietnam.

However, after doing some reading online it appears this is a major issue right now in the mattress industry as China sellers are forging documents and trans-shipping from China through Vietnam to avoid tariffs. (see below link)

[REDACTED]

They told me that the missing law label must be a one off error, but in any event these mattresses appear to be coming in illegally from China so want to ensure it is reported & investigated.

This is being done on a massive scale as thousands are being sold on [REDACTED] alone. 

[REDACTED]",,"Molblly, Inc.",,,,,,,,0,2,0.333333,0.761905,0.5,0.5,0,0,0,"[""shared_2plus_product_tokens""]",top_ranked_non_upc_candidate,pre_recall_public,high,medium,unlabeled,,
ER-0071,9182,22025,2021-12-06,Bed Assist Handles and Bed Assist Rail,Drive DeVilbiss Healthcare Recalls Adult Portable Bed Rails After Two Deaths; Entrapment and Asphyxiation Hazards,"This recall involves four models of Drive DeVilbiss Healthcare's adult portable bed rails: Model Product Product as Sold on Amazon: Dimensions 15064 Bed Assist Handle Home Bed Assist Handle About 21 inches high and 12 inches wide 15062 Bed Assist Rail with Folding Board Home Bed Assist Grab Rail with Bed Board About 23 inches high and 12 inches wide RTL15073 Home Bed Assist Handle Home Bed Assist Handle About 13-17 inches high (adjustable) and 19 inches wide RTL15063-ADJ Home Bed Assist Handle Adjustable Height Home Bed Assist Handle About 15-20 inches high (adjustable) and 20 inches wide The name ""Drive"" and the model number are printed on a label located on the product's metal tubing. The rails are made of steel tubing either in white or chrome. Models RTL15063-ADJ and RTL15073 include black non-slip padding on the grip handle and under-bed frame. Model 15062 features a wooden under-bed board attached to the grip handle.","[{""name"": ""When attached to an adult's bed, users can become entrapped within the bed rail or between the rail and the side of the mattress. This poses a serious entrapment hazard and risk of death by asphyxiation."", ""hazard_type"": null, ""hazard_type_id"": null}]",[],"[{""name"": ""Medical supply stores nationwide and online at www.amazon.com and www.walmart.com. The bed rails were sold from October 2007 through December 2021 for between $30 and $80."", ""company_id"": null}]",https://www.cpsc.gov/Recalls/2022/Drive-DeVilbiss-Healthcare-Recalls-Adult-Portable-Bed-Rails-After-Two-Deaths-Entrapment-and-Asphyxiation-Hazards,20240625-B9C49-2147338403,2022-08-15,2024-07-25,Medline,,,Medline bed assist rail,"I received a notice today from Amazon to report a recall on an item I purchased for my mother, the Medline bed assist rail.  In August 2021, the rail malfunctioned and caused her to fall hard. She had to enter a nursing home where her condition continued to deteriorate. In May 2022, she began showing symptoms of sepsis. The physician determined that the fall was hard enough to cause the failure of a mesh sling installed after a hysterectomy to support her bladder. Over the months since the fall, her bladder had descended to her colon where a fistula formed that caused feces to enter her bladder. She died painfully a few days later.",,"Medline Industries, Inc.",Amazon,,2021-07-14,,,,,0,3,0.6,0.637681,0.75,0.75,0,0,0,"[""shared_2plus_product_tokens""]",top_ranked_non_upc_candidate,incident_on_or_after_recall,medium,high,unlabeled,,
ER-0072,9184,22028,2021-12-08,Free-Standing and Slide-In Electric and Gas Ranges,"GE Appliances, a Haier Company, Recalls to Repair Free-Standing and Slide-In Ranges Due to Tip-Over Hazard","This recall involves 30-inch, 24-inch, and 20-inch free-standing and slide-in electric and gas ranges, with seven brand names: GE, GE Profile, Café, Haier, Hotpoint, Crosley and Conservator. The brand name, model number and serial number are printed on a label visible on each unit. Ranges with a serial number that starts with either ""HS"" or ""LS"" and ends with ""P"" and have a model number prefix listed in the chart below are included in this recall. Brand Model No. begins: Café  C2S900P Haier QAS740 C2S950P QGAS740 CES700P QSS740 CES750P Hotpoint RAS200 CGB500 RAS240 CGS700 RAS300 CGS750P RBS160 CHS900P RBS360 CHS950P RGAS200 Conservator VBS160 RGAS300 VGBS100 RGBS100 Crosley XBS360 RGBS200 XGB635 RGBS300 XGBS400 RGBS400 GE JAS640 Profile P2B935 JB256 P2S930 JB480 PGB935 JBS160 PGB965 JBS360 PGS930 JBS460 PGS960 JGAS640 JGB635 JGB645 JGB660 JGB735 JGBS10 JGBS30 JGBS60 JGBS61 JGBS66 JGBS86 JGS760 JGSS66 JGSS86 C2S900P C2S950P CES700P CES750P CGB500 CGS700 CGS750P","[{""name"": ""The ranges can tip over when a heavy object is placed on an open oven door and the anti-tip-over bracket is not secured to the wall or floor, posing a tip-over hazard and risk of burn injuries from hot food or liquids in cookware."", ""hazard_type"": null, ""hazard_type_id"": null}]",[],"[{""name"": ""Lowe's, Home Depot, Best Buy and other home improvement and home appliance stores nationwide and online from May 2021 through July 2021 for between $580 and $4,600, depending on the model."", ""company_id"": null}]",https://www.cpsc.gov/Recalls/2022/GE-Appliances-a-Haier-Company-Recalls-to-Repair-Free-Standing-and-Slide-In-Ranges-Due-to-Tip-Over-Hazard,20230612-49A98-2147347053,2023-05-19,2023-06-29,General Electric,JGBS61DP1WW,,"General Electric 30 inch Natural Gas Range, 4 Burner Free-standing, 4 Sealed Burners, 13K BTU Power Burner, Black Matte Steel Grates, 4.8 Cu Ft Oven, Broiler Drawer, Standard Clean, white on white","On 5/19/23 the inner door of my GE stove exploded, sending glass shards all over the inside of the stove and, when I opened the stove, all over my kitchen. Inevitably, I got some glass in my foot because some of the shards were miniscule. The imploding glass may have damaged other parts of the stove which would not necessarily be visible. The stove was not on when this happened, and I have used it only according to manufacture instructions. I have owned the stove for only 1.5 years. 

This is the second safety issue. The stove started leaking gas from the beginning (purchased 10/18/21, took possession 11/6/21). It took two service calls and 4 months to fix, and in the interim I had to have my family leave the house multiple times because the house filled up with gas.

Now, the glass continues to spill out the bottom of my stove. I have removed several glass splinters from my feet and the stove is still full of glass shards and poses a danger.
 
I finally managed to reach a supervisor in Consumer Relations after 2 weeks of trying. I explained that this is a defective stove that must have been rushed through QC, and that the problems started when the stove was in warranty. I asked for a replacement stove because I didn't think it was safe to continue using the one I have. The supervisor told me that they will not replace my stove or refund me even though I've been put in danger twice, because it is out of warranty. They are taking no responsibility for the multiple safety issues and don't seem to care that the integrity of the stove may have been damaged by all the glass now inside it. She said there is no further recourse except for sending a snail mail letter to a PO box.",,"GE Appliances, a Haier company",Wilson Appliance,,2021-10-18,,,,,0,4,0.148148,0.104869,0.666667,0.16,0,0,0,"[""shared_2plus_product_tokens""]",top_ranked_non_upc_candidate,incident_on_or_after_recall,low,low,unlabeled,,
ER-0073,9193,22037,2021-12-22,Royal Sovereign/Royal Centurian portable air conditioners,Royal Sovereign Recalls Portable Air Conditioners Due to Fire and Burn Hazards; One Death Reported,This recall involves the following models of portable air conditioners: Model Numbers PAC-3012 PAC-3012 RB ARP-3012 ARP-3012 KIT ARP-3012S ARP-3014 ARP-3014 SC The model number is printed on the name plate sticker on the back of the portable air conditioners.,"[{""name"": ""A faulty drain motor in the air conditioners can ignite the plastic enclosure of the unit, posing fire and burn hazards to consumers and risk of serious injury or death."", ""hazard_type"": null, ""hazard_type_id"": null}]",[],"[{""name"": ""The recalled portable air conditioners were sold online at Amazon.com and in Sears, COSTCO, Home Depot, BJ's Wholesale Club, and Best Buy stores nationwide from March 2008 through August 2014 for about $290."", ""company_id"": null}]",https://www.cpsc.gov/Recalls/2022/Royal-Sovereign-Recalls-Portable-Air-Conditioners-Due-to-Fire-and-Burn-Hazards-One-Death-Reported,20200805-E01F2-2147370673,2020-08-03,2020-09-28,Royal Sovereign,,,Royal Sovereign Portable A/C unit,"To whom it may concern, 

On August 3rd 2020, I responded to an A/C unit fire
Run number for Cornelius Fire: [REDACTED]
Address of fire: [REDACTED] Cornelius OR 97113
Occupant: [REDACTED] [REDACTED]
All I could get off of the unit was that it was a Royal Sovereign brand upright unit that has a hose that extends out a window
The occupant had no information as to when or where the unit was purchased 
I have attached a photo I found on the internet that may be the same as the one that burned?
The unit appeared to have burned from the inside of the unit",,ROYAL SOVEREIGN,,,,,,,,0,3,0.5,0.792453,0.5,1.0,1,0,1,"[""shared_2plus_product_tokens""]",top_ranked_non_upc_candidate,pre_recall_public,high,high,unlabeled,,
ER-0074,9206,22051,2022-01-12,2021 Model Year Giant and Liv Adult Bicycles,Giant Bicycle Recalls Bicycles Due to Fall and Injury Hazards,"This recall involves model year 2021 Giant Cypress DX, Giant Escape 3 Comfort, Liv Flourish FS 1 and Liv Alight 3 Comfort bicycles. They were sold in metallic black, dark silver, dark red/burgundy, grayish blue, plum or sage, depending on the model. Recalled bicycles have a serial number beginning with the letter ""P"" located on the underside of the bottom bracket of the frame, directly under the crank. The model name is printed on the top tube. Giant is printed on the down tube of the Cypress DX and Escape 3 Comfort models and Liv is printed on the down tube of the Alight 3 Comfort model. Liv is printed on the chainstay of the Flourish FS 1 model.","[{""name"": ""The adjustable handlebar stem on the bicycles can become loose, posing fall and injury hazards."", ""hazard_type"": null, ""hazard_type_id"": null}]",[],"[{""name"": ""Authorized Giant Bicycle dealers nationwide and online at www.giant-bicycles.com/us or www.liv-cycling.com/us from October 2020 through October 2021 for between $590 and $690."", ""company_id"": null}]",https://www.cpsc.gov/Recalls/2022/Giant-Bicycle-Recalls-Bicycles-Due-to-Fall-and-Injury-Hazards,20201004-C17ED-2147369419,2020-03-18,2021-03-01,Fuji Bicycles,Fuji SL 1.1 Disc,1611164071,Model year 2018 Fuji SL 1.1 Disc bicycle with Oval Concepts 924 wheelset,"I purchased a New 2018  Fuji SL 1.1 Disc bicycle with the Oval Concepts 924 wheelset and immediately experienced slipping in the rear hub.  Several months of communications with Advanced Sports, and two trips to a local authorized Fuji dealer, failed to produce any resolution.  I finally replaced the rear hub with a similar [REDACTED]hub, at a cost of nearly $[REDACTED], which completely resolved the problem.  Only later did I learn that the Oval Concepts wheel fitted to the bicycle had been recalled.  At no time in my numerous conversations with Fuji staff was I informed that the product was known to be defective, and had been recalled.",,Advanced Sports International,The House,,2020-03-06,2017-12-31,,,,0,2,0.142857,0.353741,0.333333,0.2,0,0,0,"[""shared_2plus_product_tokens""]",top_ranked_non_upc_candidate,pre_recall_public,low,low,unlabeled,,
ER-0075,9215,22060,2022-01-26,Over-the-counter drugs,Geri-Care Pharmaceuticals Recalls Over-the-Counter Drugs Due to Failure to Meet Child Resistant Packaging Requirement; Risk of Poisoning,"This recall involves bottles of Geri-Care Brand over-the-counter acetaminophen and aspirin. The acetaminophen is 500mg with 1,000 tablets in the bottle. The aspirin was sold in 81mg with 300 and 1,000 tablets in the bottle and 325mg with 250 and 1,000 tablets in the bottle. Product Count Extra Strength Acetaminophen 500mg Tablets 1,000 Regular Strength Enteric Coated Aspirin 325mg Tablets 250 Regular Strength Enteric Coated Aspirin 325mg Tablets 1,000 Adult Low Dose Enteric Coated Aspirin 81mg Tablets 300 Adult Low Dose Enteric Coated Aspirin 81mg Tablets 1,000","[{""name"": ""The over-the-counter drug products contain regulated substances which must be in child resistant packaging as required by the Poison Prevention Packaging Act (PPPA). The packaging of the products is not child resistant, posing a risk of poisoning if the contents are swallowed by young children."", ""hazard_type"": null, ""hazard_type_id"": null}]","[{""name"": ""Geri-Care Pharmaceuticals, of Brooklyn, New York"", ""company_id"": null}]","[{""name"": ""Online at amazon.com, simplymedical.com, drugsupplystore.com, heypharma.com, otcsuperstore.com, blowoutmedical.com, vitamincoveusa.com, simplymedical.com, silverrodrx.com, zoro.com, healthproductsforyou.com, earthturns.com, cleanitsupply.com, herbspro.com, stomabags.com, ebay.com, atcmedical.com, and bettymillls.com through August 2021 for between $2 and $1."", ""company_id"": null}]",https://www.cpsc.gov/Recalls/2022/Geri-Care-Pharmaceuticals-Recalls-Over-the-Counter-Drugs-Due-to-Failure-to-Meet-Child-Resistant-Packaging-Requirement-Risk-of-Poisoning,20200125-3FF78-2147375219,2020-01-24,2020-03-10,Lg,Lmvm2085st,,Over the counter microwave,I was popping popcorn in my LG microwave suddenly the microwave made a popping noise and there were flames inside of it. The smell was terrible. I shut it off and when I opened it after the flames were extinguished the plastic piece under the turntable was melted. Thankfully I was nearby waiting for the popcorn to finish popping Or who knows how far the fire would’ve spread.,,"LG Electronics, USA",,,,2005-06-05,,,,0,2,0.4,0.580645,0.666667,0.5,0,0,0,"[""shared_2plus_product_tokens""]",top_ranked_non_upc_candidate,pre_recall_public,medium,high,unlabeled,,
ER-0076,9231,22720,2022-02-10,Ski-Doo Snowmobiles,BRP Recalls Snowmobiles Due to Crash Hazard (Recall Alert),"This recall involves Ski-Doo 2022 Expedition, Grand Touring, Renegade, Skandic and Tundra snowmobiles. The vehicles were sold in a variety of colors. Ski-Doo and the model name are printed on the side panels of the vehicles. The vehicle identification number (VIN) is on the decal located on the right-hand side of tunnel underneath the seat. The following models are included in the recall: Model Year Model Name MY 2022 Ski-Doo Expedition 600 ACE MY 2022 Ski-Doo Expedition 900 ACE MY 2022 Ski-Doo Grand Touring 600 ACE MY 2022 Ski-Doo Grand Touring 900 ACE MY 2022 Ski-Doo Renegade 600 ACE MY 2022 Ski-Doo Renegade 900 ACE MY 2022 Ski-Doo Skandic 600 ACE MY 2022 Ski-Doo Skandic 900 ACE MY 2022 Ski-Doo Tundra 600 ACE","[{""name"": ""The snowmobile's speedometer can display half of vehicle's true speed, and may result in loss of control, posing a crash hazard."", ""hazard_type"": null, ""hazard_type_id"": null}]",[],"[{""name"": ""Ski-Doo dealers nationwide from June 2021 through December 2021 for between $9,300 and $9,900."", ""company_id"": null}]",https://www.cpsc.gov/Recalls/2022/BRP-Recalls-Snowmobiles-Due-to-Crash-Hazard-Recall-Alert,20210823-62507-2147360947,2020-01-08,2021-10-26,Ski doo,,,2003 bombardier ski doo,Throttle switch stuck resulting in the death of my son,,BRP US Inc.  (Bombardier Recreational Products),,,,,,,,0,2,0.4,0.44,0.666667,0.5,1,0,0,"[""shared_2plus_product_tokens""]",top_ranked_non_upc_candidate,pre_recall_public,medium,high,unlabeled,,
ER-0077,9238,22083,2022-02-16,Valco Baby Snap Duo Trend Strollers,Valco Baby Recalls Snap Duo Trend Strollers Due to Fall Hazard,"This recall includes Valco Baby Snap Duo Trend strollers in charcoal, gray, night and denim colors. The recalled strollers have an order, model or batch number printed on the label permanently affixed to the strollers' frame. Strollers with order numbers 7884, 7885 or 7886 and model numbers N9938, N9939, N9872 or N0001 are included in the recall.","[{""name"": ""The stroller's front wheels can break off while in use, causing the strollers to fall unexpectedly, posing a fall hazard to children in the stroller."", ""hazard_type"": null, ""hazard_type_id"": null}]",[],"[{""name"": ""Juvenile product stores nationwide and online at www.albeebaby.com, amazon.com, www.pishposhbaby.com from February 2020 through October 2020 for about $700."", ""company_id"": null}]",https://www.cpsc.gov/Recalls/2022/Valco-Baby-Recalls-Snap-Duo-Trend-Strollers-Due-to-Fall-Hazard,20200830-45A15-2147370156,2020-08-16,2020-11-10,Valco Baby Snap duo,Snap Duo Trend Charcoal,,Valco baby snap duo trend in charcoal. Delivery 09/2019,"I purchased the snap duo Valco Baby double stroller on 02/06/20 in Wellesley, Massachusetts. While walking slowly on the sidewalk  the front wheel came off. The cap came off the pin that passes through the left front wheel. I only use the stroller in residential areas on sidewalks / paved roads so I was surprised when the wheel came off so easily. No one was injured as both kids were strapped in and I was walking slowly. I was also able to hold the stroller up and stop it from toppling so it just tilted forward. I do however see this fault as a pretty major safety issue if It toppled - which it could have, and children were to fall out of the stroller. 
[REDACTED]",,Unique Baby Products USA LLC dbs Valcobaby,Magic beans,,2020-02-06,,,,,0,5,0.555556,0.481203,0.833333,0.625,1,0,0,"[""shared_2plus_product_tokens""]",top_ranked_non_upc_candidate,pre_recall_public,medium,high,unlabeled,,
ER-0078,9238,22083,2022-02-16,Valco Baby Snap Duo Trend Strollers,Valco Baby Recalls Snap Duo Trend Strollers Due to Fall Hazard,"This recall includes Valco Baby Snap Duo Trend strollers in charcoal, gray, night and denim colors. The recalled strollers have an order, model or batch number printed on the label permanently affixed to the strollers' frame. Strollers with order numbers 7884, 7885 or 7886 and model numbers N9938, N9939, N9872 or N0001 are included in the recall.","[{""name"": ""The stroller's front wheels can break off while in use, causing the strollers to fall unexpectedly, posing a fall hazard to children in the stroller."", ""hazard_type"": null, ""hazard_type_id"": null}]",[],"[{""name"": ""Juvenile product stores nationwide and online at www.albeebaby.com, amazon.com, www.pishposhbaby.com from February 2020 through October 2020 for about $700."", ""company_id"": null}]",https://www.cpsc.gov/Recalls/2022/Valco-Baby-Recalls-Snap-Duo-Trend-Strollers-Due-to-Fall-Hazard,20210825-D560D-2147360890,2021-08-24,2021-09-14,Valco Baby,N9938,9315517099388,"Valco Snap Duo Trend, Grey Marle Color",The front wheels came off my stroller while pushing my children up a hill.,,Unique Baby Products USA LLC dbs Valcobaby,Albee Baby,,2020-06-12,2020-02-28,,,,0,5,0.5,0.674157,0.833333,0.555556,1,0,0,"[""shared_2plus_product_tokens""]",top_ranked_non_upc_candidate,pre_recall_public,medium,high,unlabeled,,
ER-0079,9251,22089,2022-03-02,Fitbit Ionic smartwatches,Fitbit Recalls Ionic Smartwatches Due to Burn Hazard; One Million Sold in the U.S.,"This recall only involves the Fitbit Ionic Smartwatch. It was sold with a polyurethane band and has a 1.4-inch color LCD screen. The watches were sold in slate blue/burnt orange, charcoal/smoke gray, blue gray/silver gray, and a special edition co-branded with Adidas in ink blue/silver gray. The smartwatch tracks activity, heart rate, and sleep.  Only the following models and colors are included in this recall. For the Ionic device, the model number (FB503) is on the back of the device near where the band attaches. Fitbit is printed on the front of the Ionic Smartwatch. Model Color Ionic FB503CPBU Slate Blue/Burnt Orange Ionic FB503GYBK Charcoal/Smoke Gray Ionic FB503WTGY Blue Gray/Silver Gray Ionic FB503WTNV Adidas edition, Ink Blue & Ice Gray/Silver Gray","[{""name"": ""The lithium-ion battery in the Ionic smartwatch can overheat, posing a burn hazard."", ""hazard_type"": null, ""hazard_type_id"": null}]",[],"[{""name"": ""Best Buy, Kohl's, Target and other stores nationwide and online at Amazon.com and Fitbit.com from September 2017 through December 2021 for between $200 to $330. Fitbit stopped production of Ionic in 2020."", ""company_id"": null}]",https://www.cpsc.gov/Recalls/2022/Fitbit-Recalls-Ionic-Smartwatches-Due-to-Burn-Hazard-One-Million-Sold-in-the-U-S,20200525-9F204-2147372128,2020-04-06,2020-07-02,Fitbit,,,Grey FitBit Ionic,"My Fitbit Ionic has caused a dime sized, red, itchy, flaky, blisters with rash/burn on my left wrist. I have followed the product safety guidelines of keeping it clean, dry and not wearing it too tight. The area has persisted after discontinuing use.",,"Fitbit, Inc",Target,,,,,,,0,2,0.5,0.489796,0.666667,0.666667,1,0,0,"[""shared_2plus_product_tokens""]",top_ranked_non_upc_candidate,pre_recall_public,medium,high,unlabeled,,
ER-0080,9251,22089,2022-03-02,Fitbit Ionic smartwatches,Fitbit Recalls Ionic Smartwatches Due to Burn Hazard; One Million Sold in the U.S.,"This recall only involves the Fitbit Ionic Smartwatch. It was sold with a polyurethane band and has a 1.4-inch color LCD screen. The watches were sold in slate blue/burnt orange, charcoal/smoke gray, blue gray/silver gray, and a special edition co-branded with Adidas in ink blue/silver gray. The smartwatch tracks activity, heart rate, and sleep.  Only the following models and colors are included in this recall. For the Ionic device, the model number (FB503) is on the back of the device near where the band attaches. Fitbit is printed on the front of the Ionic Smartwatch. Model Color Ionic FB503CPBU Slate Blue/Burnt Orange Ionic FB503GYBK Charcoal/Smoke Gray Ionic FB503WTGY Blue Gray/Silver Gray Ionic FB503WTNV Adidas edition, Ink Blue & Ice Gray/Silver Gray","[{""name"": ""The lithium-ion battery in the Ionic smartwatch can overheat, posing a burn hazard."", ""hazard_type"": null, ""hazard_type_id"": null}]",[],"[{""name"": ""Best Buy, Kohl's, Target and other stores nationwide and online at Amazon.com and Fitbit.com from September 2017 through December 2021 for between $200 to $330. Fitbit stopped production of Ionic in 2020."", ""company_id"": null}]",https://www.cpsc.gov/Recalls/2022/Fitbit-Recalls-Ionic-Smartwatches-Due-to-Burn-Hazard-One-Million-Sold-in-the-U-S,20210127-960AF-2147366229,2021-01-21,2021-03-09,Fitbit,,,Fitbit ionic,Fitbit Ionic gave me a rash/burn on my wrist,,"Fitbit, Inc",,,,,,,,0,2,0.666667,0.545455,0.666667,1.0,1,0,0,"[""shared_2plus_product_tokens""]",top_ranked_non_upc_candidate,pre_recall_public,medium,high,unlabeled,,
ER-0081,9254,22732,2022-03-03,Ski-Doo Snowmobiles,BRP Recalls Snowmobiles Due to Fire Hazard (Recall Alert),"This recall involves Ski-Doo 2020, 2021 and 2022 Expedition LE, SE and SWT snowmobiles with a 900 ACE turbo engine. The vehicles were sold in a variety of colors. Ski-Doo and the model name are printed on the side panels of the vehicles. The vehicle identification number (VIN) is on the decal located on the right-hand side of tunnel underneath the seat. The following models are included in the recall: Model Year Model Name 2020 Ski-Doo Expedition SE 900 ACE Turbo 2020 Ski-Doo Expedition LE 900 ACE Turbo 2021 Ski-Doo Expedition SE 900 ACE Turbo 2021 Ski-Doo Expedition LE 900 ACE Turbo 2021 Ski-Doo Expedition SWT 900 ACE Turbo 2022 Ski-Doo Expedition SE 900 ACE Turbo 2022 Ski-Doo Expedition LE 900 ACE Turbo 2022 Ski-Doo Expedition SWT 900 ACE Turbo","[{""name"": ""Fuel can leak from the fuel tank vent onto hot components when the snowmobiles are on a tilt or flipped over, posing a fire hazard."", ""hazard_type"": null, ""hazard_type_id"": null}]",[],"[{""name"": ""Ski-Doo dealers nationwide from June 2019 through January 2022 for between $17,000 and $19,000."", ""company_id"": null}]",https://www.cpsc.gov/Recalls/2022/BRP-Recalls-Snowmobiles-Due-to-Fire-Hazard-Recall-Alert,20210823-62507-2147360947,2020-01-08,2021-10-26,Ski doo,,,2003 bombardier ski doo,Throttle switch stuck resulting in the death of my son,,BRP US Inc.  (Bombardier Recreational Products),,,,,,,,0,2,0.4,0.44,0.666667,0.5,1,0,0,"[""shared_2plus_product_tokens""]",top_ranked_non_upc_candidate,pre_recall_public,medium,high,unlabeled,,
ER-0082,9256,22094,2022-03-09,M2R Pro and Warrior Mini Flashlights,Olight Ecommerce Technology Recalls Flashlights Due to Burn Hazard,"This recall involves M2R Pro and Warrior Mini flashlights. The M2R Pro was sold in black, camouflage, desert tan, OD green, Patriotic Edition, gunmetal gray, orange, blue, ocean camouflage, purple, white and antique bronze colors. The dimensions of M2R Pro are approximately 5.37 inches (L) x 1.16 inches (D). The Warrior Mini was sold in black, desert tan, camouflage, spring 2 Ti, summer 2 Ti, autumn 2 Ti, winter 2 Ti, eternal 2 Cu and red colors. The dimensions of Warrior Mini are approximately 4.19 inches (L) x 0.91 inches (D). Olight and M2R Pro or Warrior Mini is printed on the flashlights.","[{""name"": ""The flashlights can be turned on inadvertently and overheat while stored in the holster or a consumer's pocket, posing a burn hazard to consumers."", ""hazard_type"": null, ""hazard_type_id"": null}]",[],"[{""name"": ""Olightstore.com, Amazon.com and through small independent stores nationwide from November 2019 through November 2021 for between $48 and $120."", ""company_id"": null}]",https://www.cpsc.gov/Recalls/2022/Olight-Ecommerce-Technology-Recalls-Flashlights-Due-to-Burn-Hazard,20220416-22CE4-2147356823,2022-02-01,2022-05-10,Olight,M2R pro warrior,6972378120472,"Olight- M2R pro warrior
Color-black",Flashlight was in my pocket and got extremely hot.,,OLight,Amazon,,2021-03-26,2021-03-26,,,,0,3,0.375,0.451613,0.6,0.5,0,0,0,"[""shared_2plus_product_tokens""]",top_ranked_non_upc_candidate,pre_incident_published_after_recall,medium,medium,unlabeled,,
ER-0083,9258,22096,2022-03-09,Honda Talon 1000 ROVs,American Honda Recalls Recreational Off-Highway Vehicles (ROVs) Due to Crash and Injury Hazards,"This recall involves model year 2019 - 2021 Honda Talon 1000 S2 and S4 recreational off-highway vehicles (ROVs). The vehicles were sold in various colors including red, blue, green, gray and yellow. ""HONDA"" is printed on the front, sides and the rear of each vehicle. ""Talon"" is printed on a label located on both sides of the vehicle. The Vehicle Identification Number (VIN) number is stamped on the frame on the left side under the left front fender. The VIN range for affected Talon 1000s is as shown below. MY Model VIN Start VIN End 2019 Talon 1000 S2 1HFVE05**K4000003 1HFVE05**K4003902 2020 Talon 1000 S2 1HFVE05**L4100001 1HFVE05**L4102280 2021 Talon 1000 S2 1HFVE05**M4200001 1HFVE05**M4202760 2020 Talon 1000 S4 1HFVE06**L4000002 1HFVE06**L4003420 2021 Talon 1000 S4 1HFVE06**M4100001 1HFVE06**M4102218","[{""name"": ""The vehicle's intake funnel band screw can loosen and enter the engine through the intake funnel and cause sudden engine failure. If this occurs, it could result in a loss of control, increasing the risk of a crash or injury."", ""hazard_type"": null, ""hazard_type_id"": null}]","[{""name"": ""American Honda Motor Co. Inc., of Timmonsville, South Carolina"", ""company_id"": null}]","[{""name"": ""Authorized Honda Powersports dealers nationwide from March 2019 through January 2022 for between $20,000 and $27,000."", ""company_id"": null}]",https://www.cpsc.gov/Recalls/2022/American-Honda-Recalls-Recreational-Off-Highway-Vehicles-ROVs-Due-to-Crash-and-Injury-Hazards,20221030-56F0E-2147353035,2022-10-03,2022-11-16,Honda,Honda Talon 100,,Honda Talon 1000 off road vehicle.,while driving our 2021 Honda Talon 1000 the power steering went out causing me too almost crash. Power steering is out and we are unable to drive our Honda Talon.,,"American Honda Motor Co., Inc.",Ridgecrest power sports,,2021-10-26,2021-10-26,,,,0,3,0.375,0.526316,0.75,0.428571,1,1,0,"[""shared_2plus_product_tokens""]",top_ranked_non_upc_candidate,incident_on_or_after_recall,medium,medium,unlabeled,,
ER-0084,9282,22117,2022-04-14,GE-brand Free-Standing French Door Refrigerators in Fingerprint Resistant Stainless Steel,"GE Appliances, a Haier Company, Recalls Bottom Freezer, French Door Refrigerators Due to Fall Hazard","This recall involves six models of GE-brand French Door Refrigerators with bottom freezers in fingerprint resistant stainless steel, which were manufactured from February 2020 through August 2021. The brand name, model, and serial number for each unit are printed on a label located on the top of the left side of the interior of the refrigerator compartment. The refrigerators are 36 inches wide. The affected model numbers are GFE26JYMKFFS, GFE26JYMNFFS GNE27EYMKFFS, GNE27EYMNFFS, GNE27JYMKFFS, and GNE27JYMNFFS. The serial numbers for the affected models begin with one of the following two letter combinations: DR, FR, GR, HR, LR, MR, RR, SR, TR, VR, ZR, AS, DS, FS, GS, HS, LS, MS.","[{""name"": ""The freezer handle can detach when a consumer tries to open the freezer drawer, posing a fall hazard to the consumer."", ""hazard_type"": null, ""hazard_type_id"": null}]",[],"[{""name"": ""The Home Depot, Lowe's, Best Buy and other home improvement and home appliance stores nationwide and online at Lowes.com and BestBuy.com from February 2020 through January 2022 for between $1,900 and $2,500, depending on the model."", ""company_id"": null}]",https://www.cpsc.gov/Recalls/2022/GE-Appliances-a-Haier-Company-Recalls-Bottom-Freezer-French-Door-Refrigerators-Due-to-Fall-Hazard,20210415-C5832-2147364762,2021-02-01,2021-05-05,Samsung,RF27T5201SG,,Samsung 27 cu. ft. French Door Refrigerator in Fingerprint Resistant Black Stainless Steel,The refrigerator and freezer stop cooling/freezing and Samsung will not send someone capable to fix it. It is the Samsung refrigerator model RF27T5201SG. This is a family refrigerator with french doors. The ice machine freezes over and causes the whole appliance to stop working. Hundreds of dollars worth of food had to be thrown out and the family has to eat out due to lack of groceries.,,"SAMSUNG ELECTRONICS AMERICA, INC. (SEA)",Home Depot,,2020-10-21,,,,,0,6,0.428571,0.751269,0.6,0.6,0,0,0,"[""shared_2plus_product_tokens""]",top_ranked_non_upc_candidate,pre_recall_public,high,high,unlabeled,,
ER-0085,9282,22117,2022-04-14,GE-brand Free-Standing French Door Refrigerators in Fingerprint Resistant Stainless Steel,"GE Appliances, a Haier Company, Recalls Bottom Freezer, French Door Refrigerators Due to Fall Hazard","This recall involves six models of GE-brand French Door Refrigerators with bottom freezers in fingerprint resistant stainless steel, which were manufactured from February 2020 through August 2021. The brand name, model, and serial number for each unit are printed on a label located on the top of the left side of the interior of the refrigerator compartment. The refrigerators are 36 inches wide. The affected model numbers are GFE26JYMKFFS, GFE26JYMNFFS GNE27EYMKFFS, GNE27EYMNFFS, GNE27JYMKFFS, and GNE27JYMNFFS. The serial numbers for the affected models begin with one of the following two letter combinations: DR, FR, GR, HR, LR, MR, RR, SR, TR, VR, ZR, AS, DS, FS, GS, HS, LS, MS.","[{""name"": ""The freezer handle can detach when a consumer tries to open the freezer drawer, posing a fall hazard to the consumer."", ""hazard_type"": null, ""hazard_type_id"": null}]",[],"[{""name"": ""The Home Depot, Lowe's, Best Buy and other home improvement and home appliance stores nationwide and online at Lowes.com and BestBuy.com from February 2020 through January 2022 for between $1,900 and $2,500, depending on the model."", ""company_id"": null}]",https://www.cpsc.gov/Recalls/2022/GE-Appliances-a-Haier-Company-Recalls-Bottom-Freezer-French-Door-Refrigerators-Due-to-Fall-Hazard,20220427-CF312-2147356498,2022-04-23,2022-05-18,GE,GFE26JYMNFFS,,GE-brand Free-Standing French Door Refrigerators in Fingerprint Resistant Stainless Steel with bottom drawer freezer.,"The freezer handle on our new fridge/freezer unit comes off when pulling the door open. This has occurred to a few of our guests, as well as to our 3 year old daughter. When our adult guests pulled on the freezer drawer door, the handle came off into their hand, but no injury or accident occurred.  When my 3 year old daughter pulled on the handle, it came off as well, but the momentum sent her tumbling backwards and the handle flew behind her about 8 feet. She landed on her back, causing distress and fear. No substantial injury has occurred yet, but I anticipate that it will eventually. We received notice from GE that our unit may be part of a recall (#[REDACTED]) for this exact same reason. However,  after reviewing their information, our model is not included in the recall - but I believe it should be.",,"GE Appliances, a Haier company",Home Depot,,2021-07-03,,,,,0,10,0.714286,0.80543,1.0,0.714286,1,0,0,"[""shared_2plus_product_tokens""]",top_ranked_non_upc_candidate,incident_on_or_after_recall,high,high,unlabeled,,
ER-0086,9298,22746,2022-04-28,Off-road motorcycles,Yamaha Recalls Competition Off-Road Motorcycles Due to Crash Hazard (Recall Alert),This recall involves the 2022 Yamaha Competition Off-Road Motorcycle with model numbers YZ125N2L and YZ125N2ME. The motorcycles were sold in Blue and Monster Energy Racing Edition. The model number is printed on the right and left side of the motorcycle. The vehicle identification number (VIN) is stamped on the frame steering head. The affected vehicles are in the following VIN range: ***CE34C***000301 through ***CE34C***004096.,"[{""name"": ""The gear shift assembly can detach from the crankcase, resulting in unintentional gear shifting, posing a crash hazard."", ""hazard_type"": null, ""hazard_type_id"": null}]",[],"[{""name"": ""Yamaha motorcycle dealers nationwide from July 2021 through January 2022 for between $6,900 and $7,100."", ""company_id"": null}]",https://www.cpsc.gov/Recalls/2022/Yamaha-Recalls-Competition-Off-Road-Motorcycles-Due-to-Crash-Hazard-Recall-Alert,20210112-1E34C-2975630,2020-12-24,2021-03-04,Honda,CRF250R,,Honda CRF250R motocross off-road motorcycles,"Re: UNREASONABLE RISK OF SERIOUS INJURY OR DEATH CONCERNING
HONDA CRF250R MULTIPLE YEAR MODELS AND OTHER DISPLACEMENT
MOTOCROSS OFF-ROAD HONDA MOTORCYCLES AND DENSO STATORS
DUE TO ELECTRICAL FAILURE AND SUDDEN UNINTENDED ENGINE SHUT
OFF ENGINE FAILURE DURING OPERATION AND WHILE IN MOTION.

I. REPORT AND COMPLAINT SUBMITTED IN ORDER TO PROTECT
CONSUMERS AND OTHER RIDERS FROM FORESEEABLE FUTHER
INJURIES OR DEATH DUE TO KNOWN UNSAFE AND UNREASONABLY
DANGEROUS HONDA AND DENSO DEFECTIVE PRODUCTS.

This Report and Complaint is respectfully submitted to the United State Consumer
Product Safety Commission in order to prevent foreseeable further injuries and
potential deaths due to known defective products put into the stream of
commerce by Honda and Denso and sold to Americans countrywide and affecting
certain motorcycles worldwide.

II. AMERICAN HONDA MOTOR CO., INC., HONDA MOTOR CO., LTD., DENSO
CORPORATION AND THE HONDA CRF250R.
This Report and Complaint and attachment(s) concerns certain model years Honda
CRF250R motocross off-road motorcycles manufactured by Honda Motor Co., LTD in
Japan and sold in the United States by American Honda Motor Co., Inc., with stators
incorporated thereto manufactured by Denso Corporation.
The population of affected Honda off-road motocross motorcycles are unsafe and
unreasonably dangerous to operate and must now be investigated, recalled and
properly remedied.

III. SUPERIOR COURT OF CALIFORNIA COUNTY OF LOS ANGELES
UNLIMITED CIVIL CASE.

In re and subsequent to the [REDACTED] [settled favorably for the Plaintiff]), we present facts that uncontrovertibly
demonstrate the clear existence of product defects that make certain model year Honda
CRF250R motorcycles unsafe and unreasonably dangerous to operate resulting in
unreasonable risk of serious injury or death.

American Honda Motor Co., Inc., Honda Motor Co., LTD., and Denso Corporation have
known for years about the foregoing product defects but have failed to report or recall
their defective unreasonably dangerous products.

IV. SUDDEN UNINTENDED ENGINE SHUT OFF DUE TO PRODUCT DEFECT.

The product defects contained within the 2014 and many other year model Honda
CRF250Rs, because they can result in the motorcycle’s engine suddenly and
unexpectedly turning off during operation and ceasing operation in its entirety while in
motion (unintended engine shut off), which exposes children, retail end users and other
riders to unreasonable risk of serious injury or death because the motorcycle’s engine
can suddenly and unexpectedly stop running and operation without any indication it is
about to fail.

The failure of the engine to continue running when appropriate may cause loss of
control, leading to motorcycle crashes and therefore significantly raises the risk of
serious injury or death.

V. REQUEST FOR INVESTIGATION OF HONDA AND DENSO; REQUEST FOR
INVESTIGATION AND RECALL OF UNREASONABLY DANGEROUS
PRODUCTS.

This Report and Complaint are submitted to formally request investigation of Honda and
Denso and recalls of the affected Honda CRF250R (and Honda CRF450R [and any
other model using similar Denso stators]) off-road motocross motorcycle populations in
the United States in order to reduce the unreasonable risk of serious injury or death to other unsuspecting operators. This Report and Complaint should be forwarded to your
counterparts in Canada and Europe wherein Honda has marketed and sold its defective
CRF250R off-road motocross motorcycles.

This Report and Complaint concerns a 2014 model year Honda CRF250R incident off road motocross motorcycle, a similar brand new 2014 model year Honda CRF250R
exemplar off-road motocross motorcycle, other similar models, and approximately five
or more years-worth of production Honda CRF250R motorcycles.

Multiple model years and multiple displacement off-road motorcycles are affected by the
product defect(s) and should be recalled by the manufacturer.

To our knowledge, Honda and Denso and their various business entities have not
voluntarily recalled these products.

Stator failures have occurred in the United States and Europe. Stator failures have
occurred with racing teams.

The manufacturer has subsequently improperly used or directed to be used, epoxy as a
means to secure defective stator wires. Honda likes gluing together important electrical
connections and Denso does not know whether their stators will be used on
motorcycles with or without 12VDC batteries and the results thereof. Both are
significant failures and embarrassments to Honda and Denso respectively.

The use of epoxy to additionally secure defective stator wires is below the standard of
care and not in accord with industry standards.

Honda and Denso have actual knowledge of the product defects that form the basis of
this Report and Complaint.

Honda and Denso should provide the Consumer Product Safety Commission with all
information, data and documents relevant to the matter in order to facilitate
determination of the scope of the defective stator’s utilization in the population of
motorcycles it has sold to the American public and worldwide. A thorough investigation
by the CPSC will likely uncover the defects are both manufacturing and design defects.

A recall of all affected Honda off-road motorcycles using defective Denso stators will
help ensure no children or adults are seriously injured or killed as a result of Honda’s
knowing and continued use of defective electrical components.
VI. HONDA STATOR FAILURES AND UNINTENDED ENGINE SHUT OFF
RESULTING IN ENGINE FAILURE AND SUBSEQUENT OPERATOR
PARALYSIS.

I was retained in order to look into a 2014 Honda CRF250R off-road motocross
motorcycle, its sudden unintended engine shut off and crash, operated by a licensed
professional rider, during practice, on a motorcycle closed-circuit dirt track.

The facts of the case indicate the incident 2014 Honda CRF250R’s engine suddenly
and unintentionally shut off during normal and foreseeable operation, resulting in a
horrendous crash and subsequent rider paralysis. An objectively tragic outcome directly
caused Honda’s defective product.

As part of the case workup, we determined a copper wire in the motorcycle’s stator
located within the engine of the incident motorcycle had failed, fractured and
disconnected. The stator is made by Denso for Honda is at issue concerning these
defective unreasonably dangerous off-road motocross motorcycles, please see infra.

If a stator copper wire fractures the result is the engine shuts off (extremely fast, no prior
warning) in under 4/10’s of a second. Stators are not generally considered wear items
and are expected to last the life of most motorcycles.

As general mechanical and operational propositions and industry standards, stator
wires do not just become disconnected absent something more. The stator is internal to
the motorcycle’s engine and it is not a component that can be damaged by merely
operating and riding these machines.

The crash of this 2014 Honda CRF250R off-road motocross motorcycle left the operator
seriously injured resulting in paralysis and he is now permanently handicapped in a
wheelchair for the rest of his life due to a particular defective Honda motorcycle.

As a court qualified motorcycle expert in the field of motorcycles and other vehicles, I
felt it necessary to report these defects and unsafe conditions present within the
population of Honda off-road motocross motorcycles in order to protect other children
and adults from being seriously injured or killed by these objectively defective Honda
and Denso products.

It is important these companies and products are now investigated and subsequently
recalled in order to preclude another serious injury or potential death associated with
these unreasonably dangerous and unsafe motorcycles.
VII. THE 2014 HONDA CRF250R INCIDENT OFF-ROAD MOTOCROSS
MOTORCYCLE.
Image 001 was captured during an early non-destructive visual only inspection of the
incident 2014 Honda CRF250R.

The stator is an electrical component located within the motorcycle’s engine behind a
left side metal engine cover. As the engine rotates, magnets are rotated, on a rotor or
flywheel, around a set of copper windings and generate electrical current which then
goes on to provide ignition and spark to the engine in order for the engine to run and
continue running.

If a stator copper wire becomes an open circuit (a wire breaks), the motorcycle’s stator
will no longer output electricity properly. These off-road machines do not have a 12
VDC battery on board designed in. Therefore, if the stator’s electrical output is mechanically interrupted, the engine will almost immediately stop firing and will
suddenly and unexpectedly stop running and shut off, potentially leading to a crash
likely resulting in serious injury or death.
VIII. THE DEFECTIVE HONDA AND DENSO STATOR.
Image 002 is the actual incident Honda motorcycle’s Denso stator assembly minus its
rotor.

The connection of the copper winding is at issue and the wire that fractured and failed
causing a serious motorcycle crash resulting in the operator’s paralysis can be seen
above (and below next page with magnification) partially within its connector surrounded
by solder.
Image 003 is with magnification of the solder ball covering the copper wire and its crimp
connector. Please notice the fracture and disconnect area are located around the
outside diameter (and through the wire) of the copper wire in image 003. Obviously,
this wire should not be in this fractured and disconnected improper condition absent a
product defect.

The fracture and disconnection of this wire caused an open circuit of the electrical circuit
powering the ignition to occur.

When power to the ignition is eliminated the motorcycle’s engine almost immediately
shuts off, blink of an eye fast. We have tested exemplar stators and an exemplar 2014
Honda CRF250R off-road motocross motorcycle and produced video in which we
purposefully interrupted the stator electrical output and measured the time in which ittakes for the engine to suddenly shut off during operation. Loss of engine power can
cause a loss of vehicular control.

When a motorcycle’s engine unexpectedly stops running and unintentionally suddenly
shuts off, a motorcycle may become difficult, if not impossible, to control and may cause
a crash resulting in serious injury or death.

The [REDACTED] Ignition Switch Recalls present similar circumstances to the known
defects regarding Honda and Denso products. Although the parts involved are different
from the [REDACTED] automotive ignition key switch recall from 2014, the results are
very similar in that much as if a [REDACTED] ignition fails and shuts off a motor vehicle’s engine
a crash and serious injury or death can occur, the result of a failed Denso stator in a

Honda off-road motocross motorcycle is the same in that sudden unintended engine
shut off while in motion occurs which can cause a loss of vehicular control, a
subsequent crash and result in serious injury or death to children, the retail consumer or
other rider (other parts involved but same unsafe and unreasonably dangerous
conditions and results).

Additionally, the Honda CRF250R’s engine cannot be restarted after stator and
therefore engine failure occurs. Once the stator failure occurs, the left side of the
engine must be disassembled, a new stator added and engine reassembly, then the
Honda CRF250R can be restarted and ridden.

We are submitting attached herewith a metallurgical report from a co-expert concerning
the metallurgical failure mode of the 2014 Honda CRF250R incident stator.

VIII. THE COVER UP RE WHAT DID HONDA AND DENSO KNOW AND WHEN
CONCERNING THE DEFECT WITHIN THE HONDA CRF250R ENGINE.

It is clear both Honda and Denso knew of the problems and defects associated with
their defective products for years but failed to voluntarily recall their defective products.
Honda had actual knowledge of the product defect for a lengthy period of time and thus
far to date has failed to do the right thing and failed to voluntarily recall their product(s).

Honda’s supplier, Denso, failed to appreciate the potential results of wire failure within
the stator assembly and did not properly understand what would happen if a failure
were to occur.
Concerning Honda’s supplier Denso, we do not know whether the defective
manufacture of motorcycle stators has occurred for other brands and applications and
whether defective stator assemblies have been supplied to other motorcycle
manufacturers.

It is conceivable the defective Denso stator issue is not limited to Honda motorcycles.

It would be important for CPSC to determine whether defective Denso stators are in
other brands of motorcycles, because the product defect may not be limited to Honda
off-road motocross motorcycles and may affect other brands of motorcycles as well.

Honda failed to take responsibility for the defect and blamed others for their product’s
failure. Honda continued to market and sell the Honda CRF250R after and while having
actual knowledge of the product defects present within their engines.

The cover up of the product defect and failure to recall shocks the conscious and
intentionally exposes children, retail end user consumers and other riders to
unreasonable risk of serious injury or death.

Please investigate Honda and Denso regarding this Report and Complaint and the
issues herein, issue stop ride and stop sale orders on all affected model years and
models of Honda off-road motocross motorcycles, pursue recalls and appropriate
remedies for those affected by this unfortunate set of intentional circumstances. Let’s
stop another tragedy before it occurs again. Thank you.

Respectfully submitted.
[REDACTED]",,"American Honda Motor Co., Inc.",,,,,,,,0,3,0.5,0.512821,1.0,0.5,0,0,0,"[""shared_2plus_product_tokens""]",top_ranked_non_upc_candidate,pre_recall_public,medium,high,unlabeled,,
ER-0087,9304,22133,2022-05-05,BIBS Baby Bottles,BIBS Baby Bottles Recalled Due to Burn Hazard; Manufactured by BIBS Denmark ApS,This recall involves the BIBS Baby Glass Bottle Complete Set which was sold as a 110 ml or 225 ml bottle set with a rubber bumper at the bottom and the BIBS Bottle Kit which is only the accessories including the rubber bumper and no glass bottle. The bottles are clear glass with a gray cap and bumper. BIBS and a measuring guide are written on the bottles.,"[{""name"": ""Hot liquids in the bottle can cause the bumper to shrink, making the bottle tilt over spilling out contents, posing a burn hazard."", ""hazard_type"": null, ""hazard_type_id"": null}]","[{""name"": ""BIBS Denmark ApS, of Denmark"", ""company_id"": null}]","[{""name"": ""j a k e. shop, Btrade, LolliHOPS, Children's Boutique, Broome Street Group, Lou Lou & Company, The Natural Baby Company, Baby On Main Inc, Kaisah Boutique stores nationwide and online at www.maighandistribution.com during February 2022 for about $20."", ""company_id"": null}]",https://www.cpsc.gov/Recalls/2022/BIBS-Baby-Bottles-Recalled-Due-to-Burn-Hazard-Manufactured-by-BIBS-Denmark-ApS,20220310-71877-2147357285,2022-03-10,2022-03-25,BIBS,BIBS baby pacifier,,Pacifier,My 23 month old chewed the tip off of his BIBS brand pacifier,,BIBS,Amazon,,2022-03-03,,,,,0,2,0.5,0.44898,0.666667,0.666667,1,0,1,"[""shared_2plus_product_tokens""]",top_ranked_non_upc_candidate,pre_recall_public,medium,high,unlabeled,,
ER-0088,9318,22151,2022-06-09,Hisense French Door Refrigerators with Ice Maker,"Hisense USA Recalls Bottom Freezer, French Door Refrigerators Due to Impact Injury Hazard; Sold Exclusively at Lowe's","This recall involves Hisense USA's 26.6 cubic foot capacity stainless steel French door refrigerators with ice maker with model number HRF266N6CSE and with serial numbers C2020050100001 through C2020123109000. The brand name, model, and serial number for each unit are printed on a label located on the left side of the interior of the refrigerator, above the water dispenser. With the serial number, consumers can check to determine whether their refrigerator is included in this recall by clicking http://hisenseservice.com/recall. The refrigerators are 36 inches wide and 74 inches high.","[{""name"": ""The refrigerator's door hinge can break causing the door to detach when the consumer tries to open the French doors, posing an impact injury hazard to the consumer."", ""hazard_type"": null, ""hazard_type_id"": null}]","[{""name"": ""Hisense USA, of Suwanee, Georgia"", ""company_id"": null}]","[{""name"": ""Lowe's stores nationwide and online at Lowes.com from August 2020 through February 2022 for about $1,500."", ""company_id"": null}]",https://www.cpsc.gov/Recalls/2022/Hisense-USA-Recalls-Bottom-Freezer-French-Door-Refrigerators-Due-to-Impact-Injury-Hazard-Sold-Exclusively-at-Lowes,20211006-D4518-2147359279,2021-10-03,2021-11-09,Samsung,RF25HMEDBSR,,Samsung French door refrigerator with ice maker in the door,our Samsung  refrigerator is icing up in the upper compartment and needing to be defrosted several times a day,,"SAMSUNG ELECTRONICS AMERICA, INC. (SEA)",best buy,,2015-07-22,2015-06-17,,,,0,4,0.444444,0.677165,0.666667,0.571429,0,0,0,"[""shared_2plus_product_tokens""]",top_ranked_non_upc_candidate,pre_recall_public,medium,high,unlabeled,,
ER-0089,9318,22151,2022-06-09,Hisense French Door Refrigerators with Ice Maker,"Hisense USA Recalls Bottom Freezer, French Door Refrigerators Due to Impact Injury Hazard; Sold Exclusively at Lowe's","This recall involves Hisense USA's 26.6 cubic foot capacity stainless steel French door refrigerators with ice maker with model number HRF266N6CSE and with serial numbers C2020050100001 through C2020123109000. The brand name, model, and serial number for each unit are printed on a label located on the left side of the interior of the refrigerator, above the water dispenser. With the serial number, consumers can check to determine whether their refrigerator is included in this recall by clicking http://hisenseservice.com/recall. The refrigerators are 36 inches wide and 74 inches high.","[{""name"": ""The refrigerator's door hinge can break causing the door to detach when the consumer tries to open the French doors, posing an impact injury hazard to the consumer."", ""hazard_type"": null, ""hazard_type_id"": null}]","[{""name"": ""Hisense USA, of Suwanee, Georgia"", ""company_id"": null}]","[{""name"": ""Lowe's stores nationwide and online at Lowes.com from August 2020 through February 2022 for about $1,500."", ""company_id"": null}]",https://www.cpsc.gov/Recalls/2022/Hisense-USA-Recalls-Bottom-Freezer-French-Door-Refrigerators-Due-to-Impact-Injury-Hazard-Sold-Exclusively-at-Lowes,20220315-34542-2147357237,2022-03-15,2022-04-14,SAMSUNG,RF26J7500SR,,French door refrigerator with ice maker,"Samsung refrigerator stopped keeping food at a safe temperature and the built in temperature sensor did not display the correct (high) temp, misleading me to believe my food was being kept at a safe temperature.",,"SAMSUNG ELECTRONICS AMERICA, INC. (SEA)",,,,2016-04-01,,,,0,4,0.444444,0.803738,0.666667,0.571429,0,0,0,"[""shared_2plus_product_tokens""]",top_ranked_non_upc_candidate,pre_recall_public,high,high,unlabeled,,
ER-0090,9349,22756,2022-07-07,John Deere X380 and X390 Lawn Tractors,John Deere Recalls Lawn Tractors Due to Crash and Injury Hazards (Recall Alert),"This recall involves John Deere lawn tractors, models X380 and X390. The tractors are green and yellow. John Deere and the model are printed on the side. The serial number is located on the frame on the front right side of the machine near the engine. Recalled serial number ranges are as follows: Model Serial Number Range X380 - No deck 1M0X380DXNM130065 through 1M0X380DXNM130068 X380 - 48 in. deck 1M0X380AXNM132496 through 1M0X380AXNM132575 X380 - 54 in. deck 1M0X380BXNM131269, 1M0X380BXNM131261, 1M0X380BXNM131277 through 1M0X380BXNM131302, 1M0X380BXNM131306 through 1M0X380BXNM131310 and 1M0X380BXNM131312, 1M0X390AXNM131261 through 1M0X390AXNM131295 and 1M0X390AXNM131298 through 1M0X390AXNM131300","[{""name"": ""The wheel hubs were not manufactured to specifications and can fail, causing the tractor to lose braking and propulsion, posing crash and injury hazards."", ""hazard_type"": null, ""hazard_type_id"": null}]","[{""name"": ""Deere & Company, of Moline, Illinois"", ""company_id"": null}]","[{""name"": ""John Deere dealers nationwide and online at John Deere.com from April 2022 through May 2022 for between $5,000 and $6,300."", ""company_id"": null}]",https://www.cpsc.gov/Recalls/2022/John-Deere-Recalls-Lawn-Tractors-Due-to-Crash-and-Injury-Hazards-Recall-Alert,20200604-BE091-1985785,2020-05-25,2020-07-31,John Deere,E130,,Lawn Mower,"The consumer was using his lawn mower for approximately forty minutes when he stored it in his garage. On his way out, the consumer pushed the unit back with his leg and received a 1” x 3.5” third-degree burn on the front of his left calf. The consumer notes that the exhaust is about five inches behind the bumper and this is why even though the lawn mower was turned off that the bumper was so hot. The next time the consumer used his lawn mower he noticed that after the unit was off, the bumper was 158 degrees Fahrenheit after using it for forty minutes.

The consumer treated his covered his wound with gauze and tape after putting [REDACTED] it. The consumer has yet to fully heal.

The consumer contacted the Manufacturer and explained the situation; the representative he spoke to took a report and informed him she would escalate the complaint to their Safety Department. The Safety Department e-mailed the consumer indicating that his Case Number: [REDACTED] was closed.

The consumer states that the unit is used approximately once weekly year-round.

The consumer plans on keeping his lawn mower for at least the next thirty days in case an investigation ensues.",,Deere & CO.,Lowe’s,,2017-06-15,,,,,0,3,0.375,0.625,0.5,0.6,1,0,0,"[""shared_2plus_product_tokens""]",top_ranked_non_upc_candidate,pre_recall_public,medium,medium,unlabeled,,
ER-0091,9349,22756,2022-07-07,John Deere X380 and X390 Lawn Tractors,John Deere Recalls Lawn Tractors Due to Crash and Injury Hazards (Recall Alert),"This recall involves John Deere lawn tractors, models X380 and X390. The tractors are green and yellow. John Deere and the model are printed on the side. The serial number is located on the frame on the front right side of the machine near the engine. Recalled serial number ranges are as follows: Model Serial Number Range X380 - No deck 1M0X380DXNM130065 through 1M0X380DXNM130068 X380 - 48 in. deck 1M0X380AXNM132496 through 1M0X380AXNM132575 X380 - 54 in. deck 1M0X380BXNM131269, 1M0X380BXNM131261, 1M0X380BXNM131277 through 1M0X380BXNM131302, 1M0X380BXNM131306 through 1M0X380BXNM131310 and 1M0X380BXNM131312, 1M0X390AXNM131261 through 1M0X390AXNM131295 and 1M0X390AXNM131298 through 1M0X390AXNM131300","[{""name"": ""The wheel hubs were not manufactured to specifications and can fail, causing the tractor to lose braking and propulsion, posing crash and injury hazards."", ""hazard_type"": null, ""hazard_type_id"": null}]","[{""name"": ""Deere & Company, of Moline, Illinois"", ""company_id"": null}]","[{""name"": ""John Deere dealers nationwide and online at John Deere.com from April 2022 through May 2022 for between $5,000 and $6,300."", ""company_id"": null}]",https://www.cpsc.gov/Recalls/2022/John-Deere-Recalls-Lawn-Tractors-Due-to-Crash-and-Injury-Hazards-Recall-Alert,20200624-5B1F9-2147371512,2020-06-18,2020-07-29,John Deere,John Deere D105,,John Deere D105 lawn tractor,"John Deere d 105 lawn tractor. Date of manufacture 04/21/2016. Product id [REDACTED]. 
Our transmission got stuck in reverse while mowing the lawn and we discovered that the transmission had been recalled by John Deere. We called our local dealer and they said the “recall has expired” and would not replace the recalled part without charging us $500. I called the corporate John Deere office who stated that they would not honor the recall because “the recall has long since expired” and we had not registered our tractor when we bought it in 2017.",,Deere & CO.,Lowe’s,,2017-06-01,2016-04-21,,,,0,3,0.375,0.645161,0.5,0.6,1,0,0,"[""shared_2plus_product_tokens""]",top_ranked_non_upc_candidate,pre_recall_public,medium,medium,unlabeled,,
ER-0092,9367,22765,2022-07-28,NUK First Choice 240 mL Glass Baby Bottles,First Choice Glass Baby Bottles Recalled by NUK Due to Violation of the Federal Lead Content Ban; Sold Exclusively on Amazon.com (Recall Alert),"This recall involves NUK-branded First Choice glass baby bottles (ASIN B0027SVJ9O) which were manufactured for the UK market only and not intended for sale in the United States. The glass bottles have a latex teat intended for 0 to 6 months old in 240 mL size. The brand name NUK is in white lettering, a graduated volume scale in white markings, and white and gray stars are on the outside of the bottle. Only the NUK-branded glass baby bottles described above that were manufactured for the UK market are included in this recall.","[{""name"": ""The markings on the outside of the bottles contain levels of lead that exceeds the federal lead content ban. Lead is toxic if ingested by young children and can cause adverse health issues."", ""hazard_type"": null, ""hazard_type_id"": null}]","[{""name"": ""Mapa GmbH of Zeven, Germany"", ""company_id"": null}]","[{""name"": ""Online at Amazon.com from January 2018 to May 2022 for about $20."", ""company_id"": null}]",https://www.cpsc.gov/Recalls/2022/First-Choice-Glass-Baby-Bottles-Recalled-by-NUK-Due-to-Violation-of-the-Federal-Lead-Content-Ban-Sold-Exclusively-on-Amazon-com-Recall-Alert,20210617-C9519-2147363460,2021-06-15,2021-07-27,NUK,NUK 10225127,,"First Choice Plus Starter Set Glass, with 4 Baby Bottles Including Latex Teat and Bottle Box, 0-6 Months","A consumer advocate tested NUK glass baby bottles and found lead paint on the outside. This is one of several baby bottles that have been found to have lead paint on the outside markings, with no recall or warning to parents. How many more need to be found before the CPSC takes action?",,NUK USA LLC,,,,,,,,0,6,0.375,0.459627,0.857143,0.4,1,0,0,"[""shared_2plus_product_tokens""]",top_ranked_non_upc_candidate,pre_recall_public,medium,medium,unlabeled,,
ER-0093,9371,22766,2022-08-11,Footpads for Onewheel GT Electric Skateboards,Future Motion Recalls Footpads for Onewheel GT Electric Skateboards Due to Bystander Injury Hazard (Recall Alert),"This recall involves front footpads for Future Motion's Onewheel GT self-balancing electric skateboards, sold with the skateboard or independently as replacement footpads. Onewheel and GT appear on the side of the skateboard. The Onewheel logo is printed on the skateboard's wheel. Consumers can identify whether their Onewheel GT has a recalled front footpad by contacting Future Motion and providing the serial number for their board. The serial number can be found on the underside of the bottom rail of the skateboard rail.","[{""name"": ""The footpad can fail to disengage after the rider has dismounted while the board is in motion and the skateboard can unexpectedly continue to operate, posing an injury hazard to bystanders."", ""hazard_type"": null, ""hazard_type_id"": null}]","[{""name"": ""Future Motion Inc., of Santa Cruz, California"", ""company_id"": null}]","[{""name"": ""Online at www.onewheel.com from March 2022 through June 2022 and authorized independent dealers nationwide from March 2022 through August 2022 for about $2,200."", ""company_id"": null}]",https://www.cpsc.gov/Recalls/2022/Future-Motion-Recalls-Footpads-for-Onewheel-GT-Electric-Skateboards-Due-to-Bystander-Injury-Hazard-Recall-Alert,20221116-EAC3E-2147352614,2022-07-15,2022-12-05,Onewheel,Onewheel + XR,,Onewheel electric skateboard,While riding my One wheel it suddenly stopped and threw me off forward. It caused lacerations and soft tissue swelling in my arm limiting the use of my arm for several months.,,Future Motion,,,,,,,,0,2,0.4,0.702128,0.5,0.666667,1,0,0,"[""shared_2plus_product_tokens""]",top_ranked_non_upc_candidate,pre_incident_published_after_recall,high,high,unlabeled,,
ER-0094,9371,22766,2022-08-11,Footpads for Onewheel GT Electric Skateboards,Future Motion Recalls Footpads for Onewheel GT Electric Skateboards Due to Bystander Injury Hazard (Recall Alert),"This recall involves front footpads for Future Motion's Onewheel GT self-balancing electric skateboards, sold with the skateboard or independently as replacement footpads. Onewheel and GT appear on the side of the skateboard. The Onewheel logo is printed on the skateboard's wheel. Consumers can identify whether their Onewheel GT has a recalled front footpad by contacting Future Motion and providing the serial number for their board. The serial number can be found on the underside of the bottom rail of the skateboard rail.","[{""name"": ""The footpad can fail to disengage after the rider has dismounted while the board is in motion and the skateboard can unexpectedly continue to operate, posing an injury hazard to bystanders."", ""hazard_type"": null, ""hazard_type_id"": null}]","[{""name"": ""Future Motion Inc., of Santa Cruz, California"", ""company_id"": null}]","[{""name"": ""Online at www.onewheel.com from March 2022 through June 2022 and authorized independent dealers nationwide from March 2022 through August 2022 for about $2,200."", ""company_id"": null}]",https://www.cpsc.gov/Recalls/2022/Future-Motion-Recalls-Footpads-for-Onewheel-GT-Electric-Skateboards-Due-to-Bystander-Injury-Hazard-Recall-Alert,20221120-3E223-2147352490,2022-11-09,2022-12-07,Onewheel GT,GT,,Onewheel GT electric board,"I was riding the Onewheel GT on a paved trail near my house and was ejected from board via a nose dive. For safety gear, I had a helmet and long sleeves. As a result, I had multiple wounds and road rash. (Both palms of my hands, my wrists, right elbow, left knee, and big scrape on my right hip and back)",,Future Motion,Onewheel.com,,2022-10-01,,,,,0,2,0.4,0.697674,0.5,0.666667,1,1,0,"[""shared_2plus_product_tokens""]",top_ranked_non_upc_candidate,incident_on_or_after_recall,medium,high,unlabeled,,
ER-0095,9372,22200,2022-08-15,"4moms MamaRoo Baby Swing, versions 1.0 through 4.0 and RockaRoo Baby Rockers",4moms Recalls More than 2 Million MamaRoo and RockaRoo Infant Swings and Rockers Due to Entanglement and Strangulation Hazards; One Death Reported,"The MamaRoo is a baby swing that offers multiple motions and speeds. Buttons on the base control the motion, speed and sound. The model number is located on the bottom of the unit. This recall includes only MamaRoo models that use a 3-point harness: versions 1.0 and 2.0 (model number 4M-005), version 3.0 (model number 1026), and version 4.0 (model number 1037). The MamaRoo model that uses a 5-point harness is not included in this recall. The RockaRoo is a baby rocker with front to back gliding motion. The base has an analog knob and power button to control the range of motion of the rocker. The model number 4M-012 is located on the bottom of the unit.","[{""name"": ""When the swing or rocker is not in use, their restraint straps can dangle below the seat and non-occupant crawling infants can become entangled in the straps, posing a strangulation hazard."", ""hazard_type"": null, ""hazard_type_id"": null}]",[],"[{""name"": ""BuyBuy Baby and Target stores nationwide and online at 4moms.com and Amazon from January 2010 through August 2022 for between $160 and $250."", ""company_id"": null}]",https://www.cpsc.gov/Recalls/2022/4moms-Recalls-More-than-2-Million-MamaRoo-and-RockaRoo-Infant-Swings-and-Rockers-Due-to-Entanglement-and-Strangulation-Hazards-One-Death-Reported,20220814-2C686-2147354403,2022-08-12,2022-09-07,4moms,,,4moms mamaroo swing,"We purchased a 4moms mamaroo for our daughter before she was born, she’s not yet two and we used it infrequently since she didn’t seem to like it. Our son is 3 months old and was sitting in it when it started making a plastic on plastic breaking sound at the right side of the swinging motion with all modes. It started and we immediately unplugged it and stopped using it.",,Thorley Industries LLC DBA 4moms,Amazon.com,,2020-10-20,,,,,0,3,0.375,0.38,0.375,1.0,1,0,0,"[""shared_2plus_product_tokens""]",top_ranked_non_upc_candidate,pre_incident_published_after_recall,low,medium,unlabeled,,
ER-0096,9403,22232,2022-09-29,Toddleroo Rotating Cabinet Latches,North States Industries Recalls Toddleroo Rotating Cabinet Latches Due to Choking Hazard,This recall involves North States Industries' Toddleroo rotating cabinet latches used to childproof cabinets. The white plastic latches were sold in a package of four latches. Each latch measures 3 13/16 inches wide by 1 3/8 inches high by 1/2 inch deep and comes with application adhesive. North States is printed on the center of the latch. Model number 6178 is printed on the top left corner of the product's packaging. And UPC number 0-26107-06178-2 or 0-26107-06177-5 are printed on the bottom left-hand corner of the product packaging.,"[{""name"": ""The latching button can dislodge and detach from the cabinet latches, posing a choking hazard to young children."", ""hazard_type"": null, ""hazard_type_id"": null}]",[],"[{""name"": ""Walmart, BuyBuyBaby and other stores nationwide and online at https://northstatesind.com and other websites from November 2019 through August 2022 for between $5 and $10."", ""company_id"": null}]",https://www.cpsc.gov/Recalls/2022/North-States-Industries-Recalls-Toddleroo-Rotating-Cabinet-Latches-Due-to-Choking-Hazard,20230417-71385-2147348051,2023-04-14,2023-05-05,ToddleRoo,,0 26107 06174 4,Sliding Cabinet Locks,"The device, a Child Sliding Cabinet (safety) Lock, can easily and unknowingly be reinstalled incorrectly. This gives a false sense of security.
Thankfully, no one got hurt.  The sliding lock can be removed completely from the 'base part'.  It is very easy for another adult to remove this lock and then reinstall it incorrectly.  The unit should be made more fool proof.  The instructions alone on the original packaging are inadequate later.",,"North States Industries, Inc.",Buy Buy Baby,,2022-11-05,,,,,0,2,0.333333,0.769231,0.5,0.5,1,0,0,"[""shared_2plus_product_tokens""]",top_ranked_non_upc_candidate,incident_on_or_after_recall,high,medium,unlabeled,,
ER-0097,9407,22236,2022-09-29,HyperJuice Stackable GaN USB-C Chargers,Hyper Products Recalls HyperJuice Stackable GaN USB-C Chargers Due to Fire Hazard,This recall involves Hyper Products HyperJuice Stackable GaN 65W and 100W USB-C chargers. The chargers were sold in black and measure about 2 inches wide and 3 inches long. The 65W charger has the model number HJ414 and the 100W charger has the model number HJ417. The model numbers are printed on a label located at the bottom of the charger. Item Number Product Name HJ414 HyperJuice Stackable GaN 65W USB-C Charger HJ417 HyperJuice Stackable GaN 100W USB-C Charger,"[{""name"": ""The chargers can overheat, posing a fire hazard to consumers."", ""hazard_type"": null, ""hazard_type_id"": null}]",[],"[{""name"": ""B&H Photo Video stores in New York and at www.bhphotovideo.com and online at www.hypershop.com, www.indiegogo.com and www.kickstarter.com from October 2020 through August 2022 for between $45 and $59 for the 65W (HJ414) and between $58 and $84 for the 100W (HJ417)."", ""company_id"": null}]",https://www.cpsc.gov/Recalls/2022/Hyper-Products-Recalls-HyperJuice-Stackable-GaN-USB-C-Chargers-Due-to-Fire-Hazard,20220409-6E2C2-2147356938,2022-04-07,2022-04-26,Hyper,Stackable GaN 100 watt USB-C Charger,None,Hyperjuice Stackable GaN 100 watt USB-C charger,Charger melted and started smoking,,Hyper Products Inc.,Indiegogo,,,2021-04-04,,,,0,4,0.444444,0.589147,0.8,0.5,1,0,0,"[""shared_2plus_product_tokens""]",top_ranked_non_upc_candidate,pre_recall_public,medium,high,unlabeled,,
ER-0098,9425,23702,2022-10-13,Ski-Doo snowmobiles,Bombardier Recreational Products (BRP) Recalls Snowmobiles Due to Fire Hazard (Recall Alert),This recall involves certain Ski-Doo model year 2022 snowmobiles equipped with 850 E-TEC and 850 E-TEC Turbo engines. The vehicles were sold in a variety of colors. Ski-Doo and the model name are printed on the side panels of the vehicles. The vehicle identification number (VIN) is on the decal located on the right-hand side of tunnel underneath the seat. The following models are included in the recall: Model Year Model Name 2022 Ski-Doo Expedition 850 E-TEC 2022 Ski-Doo Expedition 850 E-TEC Turbo 2022 Ski-Doo Summit 850 E-TEC 2022 Ski-Doo Summit 850 E-TEC Turbo 2022 Ski-Doo Freeride 850 E-TEC 2022 Ski-Doo Freeride 850 E-TEC Turbo 2022 Ski-Doo Renegade 850 E-TEC 2022 Ski-Doo Renegade 850 E-TEC Turbo 2022 Ski-Doo Backcountry 850 E-TEC 2022 Ski-Doo Backcountry 850 E-TEC Turbo 2022 Ski-Doo MXZ 850 E-TEC 2022 Ski-Doo MXZ 850 E-TEC Turbo,"[{""name"": ""The fuel injector hose retainer screw can loosen and cause a fuel leak, posing a fire hazard."", ""hazard_type"": null, ""hazard_type_id"": null}]",[],"[{""name"": ""Ski-Doo dealers nationwide from February 2021 through September 2022 for between $10,000 and $17,000."", ""company_id"": null}]",https://www.cpsc.gov/Recalls/2023/Bombardier-Recreational-Products-BRP-Recalls-Snowmobiles-Due-to-Fire-Hazard-Recall-Alert,20210823-62507-2147360947,2020-01-08,2021-10-26,Ski doo,,,2003 bombardier ski doo,Throttle switch stuck resulting in the death of my son,,BRP US Inc.  (Bombardier Recreational Products),,,,,,,,0,2,0.4,0.44,0.666667,0.5,1,0,0,"[""shared_2plus_product_tokens""]",top_ranked_non_upc_candidate,pre_recall_public,medium,high,unlabeled,,
ER-0099,9432,23024,2022-10-27,Meic power adapters sold with Brother AirSure DF-2 Dynamic Filtration Tabletop Air Purifiers,Brother Recalls Power Adapters Sold with AirSure DF-2 Dynamic Filtration Tabletop Air Purifiers Due to Electrical Shock Hazard,"This recall involves Meic AC power adapters sold with Brother AirSure DF-2 Dynamic Filtration Tabletop Air Purifiers. The power adapters are black and have the name ""Meic"" imprinted in white on the side of the adapter. ""Brother"" and ""DF-2"" are printed on the front of the air purifier.","[{""name"": ""The Meic AC power adapter casing can break while the adapter is being plugged into or removed from an electrical outlet, exposing its metal prongs, posing electrical shock and electrocution hazards."", ""hazard_type"": null, ""hazard_type_id"": null}]",[],"[{""name"": ""Sold online at https://brother-usa.com/products/df2 and Amazon.com from March 2022 through September 2022 for about $130 for the AirSure DF-2 Dynamic Filtration Tabletop Air Purifier with the AC adapter."", ""company_id"": null}]",https://www.cpsc.gov/Recalls/2023/Brother-Recalls-Power-Adapters-Sold-with-AirSure-DF-2-Dynamic-Filtration-Tabletop-Air-Purifiers-Due-to-Electrical-Shock-Hazard,20230429-25895-2147347795,2023-04-22,2023-05-18,Emeril Lagasse,Power Air Fryer 360,,Emeril Lagasse Power Air Fryer 360,"Discovered today while cleaning, my toaster oven at some point recently had an electrical arc.  Both the plastic around the prong and the outlet have melted and are burned. This seems to have happened maybe in the last week or so - there was no noticeable fire or smell. No one was injured luckily.  This is an Emeril Lagasse Power Air Fryer 360",,"TRISTAR PRODUCTS, INC.",Kohl's,,2021-11-01,,,,,0,2,0.142857,0.360248,0.2,0.333333,0,0,0,"[""shared_2plus_product_tokens""]",top_ranked_non_upc_candidate,incident_on_or_after_recall,low,low,unlabeled,,
ER-0100,9434,23026,2022-10-27,Horizon T101-05 Treadmills,Johnson Health Tech Trading Recalls Horizon Fitness Treadmills Due to Fall Hazard,"This recall involves Horizon Fitness T101-05 folding treadmills. The treadmill has a running area that measures 55 inches long by 20 inches wide and has a 33-inch-wide console. The display has red LEDs that provide workout information to the user. Horizon T101-05 is printed on the treadmill's serial number label. The name of the model and the serial number are located on the metal frame near the power switch. The serial number starts with the letters ""TM"". Only treadmills with the following serial numbers are included in this recall. Only Horizon Fitness T101-05 folding treadmills are included in this recall. MODEL NAME Serial Numbers Starting With T101-05 China TM734 T101-05 Vietnam TM486","[{""name"": ""The treadmills can unexpectedly accelerate, change speed, or stop without user input, posing a fall hazard."", ""hazard_type"": null, ""hazard_type_id"": null}]",[],"[{""name"": ""Dick's Sporting Goods and Johnson Fitness & Wellness stores nationwide and online at www.HorizonFitness.com, www.Amazon.com, www.DicksSportingGoods.com, and www.JohnsonFitness.com from March 2018 through October 2022 for between $600 and $1,000."", ""company_id"": null}]",https://www.cpsc.gov/Recalls/2023/Johnson-Health-Tech-Trading-Recalls-Horizon-Fitness-Treadmills-Due-to-Fall-Hazard,20221117-6AEE6-2147352571,2022-08-02,2022-12-09,Horizon,T101,,Horizon Treadmill T101,treadmill changing speed unexpectedly,,Johnson Health Tech of North America,Horizon Fitness Website,,2021-05-03,,,,,0,2,0.5,0.754098,0.666667,0.666667,1,1,0,"[""shared_2plus_product_tokens""]",top_ranked_non_upc_candidate,pre_incident_published_after_recall,high,high,unlabeled,,
ER-0101,9437,23705,2022-10-27,"LG Energy Solution ""RESU 10H"" Lithium-Ion Residential Energy Storage System Batteries",LG Energy Solution Michigan Recalls Home Energy Storage Batteries Due to Fire Hazard (Recall Alert),This recall involves LG Energy Solution Model RESU 10H lithium-ion storage batteries that were installed as part of a residential energy solar panel system. The recalled batteries allow owners to capture and store energy from the solar panels. The batteries are wall mounted and measure about 29 by 36 by 8 inches. They weigh roughly 220 pounds. The LG logo is located on the top left side of the front panel. The serial number of the recalled product begins with R15563P3S and is located behind the access door of the RESU home battery.,"[{""name"": ""The home solar panel batteries can overheat, posing a risk of fire and emission of harmful smoke."", ""hazard_type"": null, ""hazard_type_id"": null}]",[],"[{""name"": ""Various distributors of solar energy storage systems nationwide, including, but not limited to Sunrun, AEE Solar, Baywa, CED, Krannich, Independent Electric Supply and Inter Island Solar Supply from March 2017 through March 2020 for about $8,000."", ""company_id"": null}]",https://www.cpsc.gov/Recalls/2023/LG-Energy-Solution-Michigan-Recalls-Home-Energy-Storage-Batteries-Due-to-Fire-Hazard-Recall-Alert,20211001-84F99-2147359334,2021-09-23,2021-10-21,LG,Resu 10H R15563P3SSEG,,LG Chem “RESU10H” Lithium-Ion Residential Energy Storage System Batteries,"The whole-home battery pack is inflating and cracking open, built-in safety fuses already blew rendering it inoperable and it has continued to inflate.",,LG Chem Michigan Inc.,,,,,,,,0,9,0.692308,0.748603,0.9,0.75,1,0,0,"[""shared_2plus_product_tokens""]",top_ranked_non_upc_candidate,pre_recall_public,high,high,unlabeled,,
ER-0102,9448,23709,2022-11-03,RadWagon 4 Electric Cargo Bikes,Rad Power Bikes Recalls RadWagon 4 Electric Cargo Bikes Due to Fall and Crash Hazards (Recall Alert),"This recall involves Rad Power Bikes's RadWagon 4 Electric Cargo Bikes (ebikes) which were sold in black, white and orange colors. The name ""RADWAGON"" is printed on the side of the upper downtube of the ebike frame and ""RAD POWER BIKES"" is printed on the lower downtube of the frame. The ebike has two tires (front and rear). This recall also includes spare RadWagon 4 tires sold separately under the product name Rad Power Bikes by VEE Tire Co. that measure 22 inches by 3 inches.","[{""name"": ""The rim strip on the tires can be misaligned, causing the tube to pop and damage the tire. Additionally, the tires with a ribbed sidewall can unexpectedly go flat, risking serious injuries from loss of control and/or crash."", ""hazard_type"": null, ""hazard_type_id"": null}]",[],"[{""name"": ""Rad Power Bikes stores nationwide and online at www.radpowerbike.com from September 2020 through August 2022 for about $2,000 (RadWagon 4 ebike) and for about $40 (tire) sold separately."", ""company_id"": null}]",https://www.cpsc.gov/Recalls/2023/Rad-Power-Bikes-Recalls-RadWagon-4-Electric-Cargo-Bikes-Due-to-Fall-and-Crash-Hazards-Recall-Alert,20220817-E4723-2147354350,2022-08-12,2022-09-08,Rad Power Bikes,RadWagon 4,n/a,Rad Power Bikes - RadWagon 4 - Electric cargo bike - orange,I purchased a brand new electric cargo bike from Rad Power Bikes in June of 2022.  Within 2 months and less than 100 miles cracks started to appear on the sidewalls of the tires.  I have read numerous reports of the tires failing and I think this is a safety issue as I regularly transport my 7 year old and 20 month old on the bike.,,Rad Power Bikes LLC,www.radpowerbikes.com,,2022-06-15,,,,,0,4,0.5,0.540541,1.0,0.5,0,1,0,"[""shared_2plus_product_tokens""]",top_ranked_non_upc_candidate,pre_recall_public,medium,high,unlabeled,,
ER-0103,9448,23709,2022-11-03,RadWagon 4 Electric Cargo Bikes,Rad Power Bikes Recalls RadWagon 4 Electric Cargo Bikes Due to Fall and Crash Hazards (Recall Alert),"This recall involves Rad Power Bikes's RadWagon 4 Electric Cargo Bikes (ebikes) which were sold in black, white and orange colors. The name ""RADWAGON"" is printed on the side of the upper downtube of the ebike frame and ""RAD POWER BIKES"" is printed on the lower downtube of the frame. The ebike has two tires (front and rear). This recall also includes spare RadWagon 4 tires sold separately under the product name Rad Power Bikes by VEE Tire Co. that measure 22 inches by 3 inches.","[{""name"": ""The rim strip on the tires can be misaligned, causing the tube to pop and damage the tire. Additionally, the tires with a ribbed sidewall can unexpectedly go flat, risking serious injuries from loss of control and/or crash."", ""hazard_type"": null, ""hazard_type_id"": null}]",[],"[{""name"": ""Rad Power Bikes stores nationwide and online at www.radpowerbike.com from September 2020 through August 2022 for about $2,000 (RadWagon 4 ebike) and for about $40 (tire) sold separately."", ""company_id"": null}]",https://www.cpsc.gov/Recalls/2023/Rad-Power-Bikes-Recalls-RadWagon-4-Electric-Cargo-Bikes-Due-to-Fall-and-Crash-Hazards-Recall-Alert,20220911-07B72-2147353920,2022-09-08,2022-09-28,Rad Power Bikes,Rad Wagon 4,,Rad Power Bikes Rad Wagon 4 electric cargo bike,"Rad Power Bikes Rad Wagon 4 electric bicycle is marketed for the transport of children. With less than 70 miles on it the tires are failing with significant cracking on the sidewall on both front and rear tires.

Rad is now saying that only some times are impacted (their description does not match my experience) and that only bikes delivered after June '22 are impacted (mine is from March '21 and is impacted).

This bicycle is unsafe to ride and the company is doing everything possible to not take responsibility for their product.",,Rad Power Bikes LLC,radpowerbikes.com,,2021-03-01,,,,,0,3,0.375,0.566038,0.75,0.428571,0,1,0,"[""shared_2plus_product_tokens""]",top_ranked_non_upc_candidate,pre_recall_public,medium,medium,unlabeled,,
ER-0104,9449,23040,2022-11-10,Generac® and DR® 6500 Watt and 8000-Watt portable generators,CPSC Reannounces Recall of Generac Portable Generators; Additional Finger Amputation and Crushing Injury Reported; New Repair Kit Available,"This recall involves 6500-watt and 8000-watt Generac portable generators with unit type numbers XT8000E XT8000EFI, GP6500, GP6500E, GP8000E and HomeLink 6500E portable generators, and DR models PRO 6500M and PRO 6500E portable generators. This recall also involves all of these generators listed above purchased after July 29, 2021 through November 3, 2022, containing a repair kit which included full cover handle guards. The generators have gasoline-powered engines that are used to generate electricity for use as backup power. The portable generators have two-wheels and a single, U-shaped, two-grip, flip-up pin-lock handle to help move the generator. Only the following generators are included in this recall. The unit type is identified on the front of the product. The model and serial numbers are printed on a label on the product. Consumers can also check specific unit type, model number, and serial number location information at www.generac.com/service-support/product-support-lookup. Unit Type Model Number First Serial Number Last Serial Number XT8000E G0064330 G0064331 3000037849 3005569372 G0064340 G0064342 XT8000EFI G0071620 G0071621 3003336356 3006597843 G0071621R GP6500 G0076720 G0076800 G0076800R G0076812 G0076830 G0076830R G0076902 G0076902R G0076903 GP6500E G0076820 G0076820R G0076822 GP8000E G0076731 G0076751 G0076751R G0076761 G0076761R G0076861 G0076861R PRO 6500M GP16505DMN GP16505DMNR PRO 6500E GP16505DEN HomeLink 6500E G0068650 G0068651 G0079960","[{""name"": ""An unlocked handle can pinch consumers' fingers against the generator frame when the generator is moved, posing finger amputation and crushing hazards."", ""hazard_type"": null, ""hazard_type_id"": null}]","[{""name"": ""Generac Power Systems, of Waukesha, Wisconsin"", ""company_id"": null}]","[{""name"": ""Major home improvement and hardware stores nationwide and online, including Ace Hardware, Amazon, Blain's Farm &amp; Fleet, City Electric Supply, Costco, Do it Best, Fastenal, Home Depot, Lowe's Stores, Napa Auto Parts, Northern Tool & Equipment, Orgill, Power Equipment Direct, Ravitsky Bros., True Value, and W.W. Grainger from June 2013 through June 2021 for between $790 and $1,480."", ""company_id"": null}]",https://www.cpsc.gov/Recalls/2023/CPSC-Reannounces-Recall-of-Generac-Portable-Generators-Additional-Finger-Amputation-and-Crushing-Injury-Reported-New-Repair-Kit-Available,20210806-072D8-2147361318,2020-10-08,2021-08-26,Generac,6500 Generac portable generator,,"Generac 6500 portable generator, orange","I was moving my generator across the yard with my left hand on the handle and my right hand pushing on the frame when I hit a hole and it came to a sudden stop, the back of the generator came up and then went back down my index finger went between the frame and the handle  crushing it with bleeding and severe pain I with to my kneels. It was around six to seven months before I was able to use my finger and still to this day it is still sensitive.",,"GENERAC POWER SYSTEMS, INC.",,,,,,,,0,3,0.375,0.485294,0.5,0.6,1,0,0,"[""shared_2plus_product_tokens""]",top_ranked_non_upc_candidate,pre_recall_public,medium,medium,unlabeled,,
ER-0105,9449,23040,2022-11-10,Generac® and DR® 6500 Watt and 8000-Watt portable generators,CPSC Reannounces Recall of Generac Portable Generators; Additional Finger Amputation and Crushing Injury Reported; New Repair Kit Available,"This recall involves 6500-watt and 8000-watt Generac portable generators with unit type numbers XT8000E XT8000EFI, GP6500, GP6500E, GP8000E and HomeLink 6500E portable generators, and DR models PRO 6500M and PRO 6500E portable generators. This recall also involves all of these generators listed above purchased after July 29, 2021 through November 3, 2022, containing a repair kit which included full cover handle guards. The generators have gasoline-powered engines that are used to generate electricity for use as backup power. The portable generators have two-wheels and a single, U-shaped, two-grip, flip-up pin-lock handle to help move the generator. Only the following generators are included in this recall. The unit type is identified on the front of the product. The model and serial numbers are printed on a label on the product. Consumers can also check specific unit type, model number, and serial number location information at www.generac.com/service-support/product-support-lookup. Unit Type Model Number First Serial Number Last Serial Number XT8000E G0064330 G0064331 3000037849 3005569372 G0064340 G0064342 XT8000EFI G0071620 G0071621 3003336356 3006597843 G0071621R GP6500 G0076720 G0076800 G0076800R G0076812 G0076830 G0076830R G0076902 G0076902R G0076903 GP6500E G0076820 G0076820R G0076822 GP8000E G0076731 G0076751 G0076751R G0076761 G0076761R G0076861 G0076861R PRO 6500M GP16505DMN GP16505DMNR PRO 6500E GP16505DEN HomeLink 6500E G0068650 G0068651 G0079960","[{""name"": ""An unlocked handle can pinch consumers' fingers against the generator frame when the generator is moved, posing finger amputation and crushing hazards."", ""hazard_type"": null, ""hazard_type_id"": null}]","[{""name"": ""Generac Power Systems, of Waukesha, Wisconsin"", ""company_id"": null}]","[{""name"": ""Major home improvement and hardware stores nationwide and online, including Ace Hardware, Amazon, Blain's Farm &amp; Fleet, City Electric Supply, Costco, Do it Best, Fastenal, Home Depot, Lowe's Stores, Napa Auto Parts, Northern Tool & Equipment, Orgill, Power Equipment Direct, Ravitsky Bros., True Value, and W.W. Grainger from June 2013 through June 2021 for between $790 and $1,480."", ""company_id"": null}]",https://www.cpsc.gov/Recalls/2023/CPSC-Reannounces-Recall-of-Generac-Portable-Generators-Additional-Finger-Amputation-and-Crushing-Injury-Reported-New-Repair-Kit-Available,20221220-8075F-2147351960,2022-09-22,2023-01-10,Generac,XT8000E,,Generac® and DR® 6500 Watt and 8000-Watt portable generators,"I purchased Generac Portable Generators, which is recalled last year because of due to Finger Amputation and Crushing Hazards.  I called Generac recall customer support on September 2022, and they informed will send a replacement handle, I still have not received any new replacement handle or any answers.  I also cut my finger near the handle recently.   Hope they do any reaction for recall.",,"GENERAC POWER SYSTEMS, INC.",,,,,,,,0,6,0.857143,0.878788,1.0,0.857143,1,0,0,"[""shared_2plus_product_tokens""]",top_ranked_non_upc_candidate,pre_incident_published_after_recall,high,high,unlabeled,,
ER-0106,9451,23042,2022-11-10,Mockingbird Single-to-Double Strollers,Mockingbird Recalls Single-to-Double Strollers Due to Fall Hazard,"This recall involves Mockingbird Single-to-Double Strollers. Mockingbird Single-to-Double Strollers are made of aluminum and are black or silver in color. The seats are black, and the canopies are available in black, light blue, dark blue, pink and light green. The recall includes only Mockingbird Single-to-Double Strollers with a lot number between 20091 and 22602. The lot number is a five-digit number that can be found on the white product label located on the inner left side of the stroller frame near the top of the basket.","[{""name"": ""The lower side of the stroller frame can crack, posing a fall risk to children in the stroller."", ""hazard_type"": null, ""hazard_type_id"": null}]",[],"[{""name"": ""Target stores nationwide and online at hellomockingbird.com, babylist.com, goodbuygear.com and target.com from March 2020 to September 2022 for between $395 and $450."", ""company_id"": null}]",https://www.cpsc.gov/Recalls/2023/Mockingbird-Recalls-Single-to-Double-Strollers-Due-to-Fall-Hazard,20221114-336C7-2147352660,2022-11-14,2022-12-05,Mockingbird,Single to double stroller,,Mockingbird single to double stroller,My Mockingbird single to double stroller is affected by the recall. This caused me to inspect the frame for cracks and I found a small crack in the lower part of the frame.,,"Baby Generation, Inc",Mockingbird website,,,,,,,0,3,0.6,0.672566,0.75,0.75,1,1,0,"[""shared_2plus_product_tokens""]",top_ranked_non_upc_candidate,incident_on_or_after_recall,medium,high,unlabeled,,
ER-0107,9459,23056,2022-12-01,Cuisinart Compact Blender & Juice Extractor Combos Model CBJ-450,Conair Recalls Cuisinart Compact Blender & Juice Extractor Combos Due to Laceration Hazard,This recall involves certain Cuisinart compact blender and juice extractor combos with model number CBJ-450. The model number is printed on the label located on the bottom of the base and on the original packaging. The blades are silver-colored stainless steel and have a black plastic center hub. Cuisinart is printed on the front and on the bottom of the compact blender and juice extractor combos.,"[{""name"": ""The nut holding the blender blade assembly can loosen and detach from the base when in use, posing a laceration hazard if a consumer comes in contact with a loose blade."", ""hazard_type"": null, ""hazard_type_id"": null}]",[],"[{""name"": ""Crate & Barrel and other department, gourmet and specialty stores nationwide and online at Amazon.com, Macys.com, Kohls.com and other online retailers from November 2021 through August 2022 for about $80."", ""company_id"": null}]",https://www.cpsc.gov/Recalls/2023/Conair-Recalls-Cuisinart-Compact-Blender-and-Juice-Extractor-Combos-Due-to-Laceration-Hazard,20201203-866EB-2147367726,2020-12-03,2021-01-12,Cuisinart Smart Stick,Cuisinart Smart Stick Two Speed Hand Blender,,Cuisinart Smart Stick Immersion Blender,"During use of Cuisinart Smart Stick, the blades broke free from the device, into the mixing receptacle.",,CONAIR CORPORATION,,,,,,,,0,2,0.142857,0.369048,0.25,0.25,0,0,0,"[""shared_2plus_product_tokens""]",top_ranked_non_upc_candidate,pre_recall_public,low,low,unlabeled,,
ER-0108,9460,23058,2022-12-01,The Laundress laundry and household cleaning products,The Laundress Recalls Laundry Detergent and Household Cleaning Products Due to Risk of Exposure to Bacteria,"This recall involves The Laundress laundry detergent, fabric conditioner and other cleaning products, a complete list of which is available at www.TheLaundressRecall.com, with lot codes beginning with a prefix letter F and the last four digits numbered 9354 or less, H and the last four digits numbered 2262 or less, and T and the last four digits numbered 5264 or less. For a complete list of products, visit www.TheLaundressRecall.com. All products have ""The Laundress - New York"" printed at the top of the label. The Laundress is recalling all products manufactured at the affected facility through September 2022.","[{""name"": ""The recalled products can contain bacteria, including Burkholderia cepacia complex, Klebsiella aerogenes and multiple different species of Pseudomonas, many of which are environmental organisms found widely in soil and water, and some may also be found in humans. People with weakened immune systems, external medical devices, and underlying lung conditions who are exposed to the bacteria face a risk of serious infection that may require medical treatment. The bacteria can enter the body if inhaled, or through the eyes or a break in the skin. People with healthy immune systems are usually not affected by the bacteria."", ""hazard_type"": null, ""hazard_type_id"": null}]",[],"[{""name"": ""Online at TheLaundress.com, Amazon.com, and additional websites and in stores at The Laundress, Bloomingdale's, The Container Store, Saks Fifth Avenue, Target, Nordstrom, Jenni Kayne, Kith, Peruvian Connection, N.Peal, Brooklinen, and other major retailers nationwide, through September 2022 for between $8 and $100."", ""company_id"": null}]",https://www.cpsc.gov/Recalls/2023/The-Laundress-Recalls-Laundry-Detergent-and-Household-Cleaning-Products-Due-to-Risk-of-Exposure-to-Bacteria,20230211-84851-2147350779,2023-01-06,2023-03-08,The Laundress,Wool and Cashmere Wash,,The Laundress laundry detergent and cleaning products,Brain infection from recalled item,,The Laundress,thelaundress.com / amazon.com,,,,,,,0,3,0.375,0.601399,0.75,0.428571,1,0,1,"[""shared_2plus_product_tokens""]",top_ranked_non_upc_candidate,incident_on_or_after_recall,medium,medium,unlabeled,,
ER-0109,9465,23713,2022-12-01,Kubota RTV-XG850 Model Utility Vehicles,Kubota Recalls Utility Vehicles Due to Injury and Collision Hazards (Recall Alert),"This recall involves model year 2018 through 2022 base model Kubota RTV-XG850 Utility Vehicles, known as the ""Sidekick."" ""Sidekick"" and/or the model number are on the side of the utility vehicle. Data plates on the side of the recalled vehicles have the model number and serial numbers ranging from 10001-50018, X0001-X0139, and Y0001-Y1312.","[{""name"": ""The utility vehicle's steering shaft can shear at or near the electric power steering housing, and cause the driver to lose steering control, posing injury and collision hazards."", ""hazard_type"": null, ""hazard_type_id"": null}]",[],"[{""name"": ""Authorized Kubota dealers nationwide from June 2018 through October 2022 for between $14,700 and $16,900."", ""company_id"": null}]",https://www.cpsc.gov/Recalls/2023/Kubota-Recalls-Utility-Vehicles-Due-to-Injury-and-Collision-Hazards-Recall-Alert,20240221-54D68-2147340848,2023-05-05,2024-03-11,Kubota,RTV-XG850,,Kubota XG850,"I have a 2022 Kubota XG850 sidekick. The engine puts gas in the oil. Kubota refuses to admit publicly they have a problem. If you research internet groups you will see this is widespread. I feel like this machine is unsafe by the amount of gas getting into the crankcase. My machine is on its 5th oil change in about 90 hrs. I sent 1 sample off to a lab it was about 4% gas at
12 hrs. The 1 I wish I would have sent Im guessing was 20 %. at30-40 hrs total machine time and its second oil change for breakin purposes. The oil flowed out when drained like water and smelled of gas. Kubota has taken my machine in and cant find a defect. The rep from Kubota told me on the phone mine has the updated engine and it should not be doing this. Well it is and I am waiting nor a catastrophic failure of the machine because gas explodes.
The only explanation they gave me is that I am not operating the machine correctly. I am 55 years old and have operated a lot of machines. This is an unsafe machine with gas in the oil. Please look into this there are many people having these unsafe machines. I cant even take my grandkids on it without fear of an explosion. Feel free to call me",,KUBOTA TRACTOR CORPORATION,Piedmont Power,,2022-05-09,2022-05-01,,,,0,3,0.6,0.558824,0.6,1.0,1,1,0,"[""shared_2plus_product_tokens""]",top_ranked_non_upc_candidate,incident_on_or_after_recall,medium,high,unlabeled,,
ER-0110,9472,23066,2022-12-12,Art of Green laundry detergent products,AlEn USA Recalls Art of Green® Laundry Detergent Products Due to Risk of Exposure to Bacteria,"This recall involves Art of Green Free and Clear laundry detergent in 100-ounce bottles and Zen Lavender Garden laundry detergent in 100-ounce bottles and 33.8-ounce pouches. The UPC codes are located on the back label near the barcode and the date codes can be found on the cap of the 100-ounce bottles or back left corner of the 33.8-ounce pouches. All products have ""Art of Green"" printed on the front of the label. Product Name UPC Codes Date Codes Art of Green Free and Clear laundry detergent in 100-ounce bottles 4315204860 LOT M 220315 Art of Green Zen Lavender Garden laundry detergent in 100-ounce bottles 4315204850 LOT M 220314 Art of Green Zen Lavender Garden laundry detergent in 33.8-ounce pouches 4315204874 LOT Q 220324 LOT Q 220325 LOT Q 220326 LOT Q 220328","[{""name"": ""The recalled products can contain bacteria, including Pseudomonas aeruginosa, an environmental organism found widely in soil and water. People with weakened immune systems or external medical devices who are exposed to Pseudomonas aeruginosa face a risk of serious infection that may require medical treatment. The bacteria can enter the body if inhaled, through the eyes, or through a break in the skin. People with healthy immune systems are usually not affected by the bacteria."", ""hazard_type"": null, ""hazard_type_id"": null}]",[],"[{""name"": ""Save Mart, Lucky and Food Maxx regional stores and online at Amazon.com from April 2022 through October 2022 for between $6 and $25."", ""company_id"": null}]",https://www.cpsc.gov/Recalls/2023/AlEn-USA-Recalls-Art-of-Green-Laundry-Detergent-Products-Due-to-Risk-of-Exposure-to-Bacteria,20230426-BA783-2147347864,2023-02-28,2023-06-21,Tide,HE,,Tide HE laundry detergent,"I am a 47 year old mother of two teenage sons, and I have been doing laundry for close to 30 years since being shown by my mother.  For much of that time, I used the old fashioned top load agitator machines, and I was always in the habit of using a full capful of laundry detergent for each large load (I guess it turns out that we have been heavy-handed when adding detergent).

About 8-9 years ago, my husband and I purchased a new [REDACTED] washer without the agitator.  The instruction manual was quite vague, but I didn't think anything of it at the time, and I continued to follow my same laundry routine.

   I didn't think to read the back of the detergent bottles all these years because their overall appearance never changed...I did The laundry as I always had done out of habit, unaware that I was using too much detergent.  The cap sizes never changed, either.  Why are they still so large?  Why are detergents being concentrated (never realized before) without warning customers?  

I became extremely worried a few months ago when I read an article that Tide would be banned in certain states due to presence of carcinogens in its detergent?  What?  I had been using it for years...I thought laundry detergent was safe...it was recommended by [REDACTED] to use in their washers.

It is then that I realized that the default cycle on the [REDACTED] machine I had for the last 8-9 years only did a single 1-2 minute rinse spray.  Even if I hadn't used so much detergent all these years, I still don't know how it could rinse all the clothes properly.  Ironically, all these years, my family and I never noticed.  Our clothes were spun dry so well that I never saw residue, and I think we got used to the strong detergent smell.  Of course, though, as I recently started hand rinsing some of our clothing, I noticed all the detergent built up in the water.

It scares me beyond belief that my sons have been wearing chemically laden clothing since they were little.  My husband has a background in biochemistry and tells me not too worry since my family never had any acute reactions, but I am terrified to hear that laundry detergent could have potential carcinogens.  What if there are long-term health effects from years of wearing clothes with laundry detergent build-up?
 
I have actually reached out to [REDACTED] and Tide about my concerns and waiting to hear back from [REDACTED].  I also wanted to reach out to an organization about this matter because I think laundry detergent use, especially in HE machines needs to be ""regulated"".  The instructions on bottles and machines are vague.  What exactly defines a large load of laundry?  It's really more about the water amount than the laundry size, isn't it?  Why is it that washing machine manufacturers do not warn customers that they need to use so much less detergent in these high efficiency machines?  Precise instructions and warnings are desperately needed.  There should be clearly labeled warnings and detailed instructions from both the detergent and washer manufacturers on the amount of detergent to use based on the ratio of water per make and model of machine.  There is too much of a discrepancy right now.

I know this may not seem like a big deal,  but I'm sure many consumers are using too much laundry detergent.  It's bad enough to be sending excess detergent down the drain (not to mention the $), but what about potential safety issues?  The date below is an estimation of when I finally became aware of the fact that I was using too much laundry detergent for the past 8-9 years.

I believe that laundry detergent manufacturers should be required to change their bottles and especially cap sizes...they should not be so big because I think it ""encourages"" consumers to overpour.  The caps also should have clearly labeled measuring marks (horizontal around cap in a different color) so that consumers can actually see them.  Also, HE washers should have warnings on their machines to inform customers to use a minimal amount of detergent (especially for those of us who had been using traditional top-loads).  Furthermore, I think both washer and detergent manufacturers need to provide specific instructions on the dose of detergent to use per amount of water in machine (not just a subjective load size).  There needs to be a particular dilution ratio, and that should be written in the consumer manual of the washer...or better yet, on the machine, in addition to the detergent bottles.  Thank you.",,The Procter & Gamble Company,,,,,,,,0,2,0.4,0.638889,0.5,0.666667,0,0,0,"[""shared_2plus_product_tokens""]",top_ranked_non_upc_candidate,incident_on_or_after_recall,medium,high,unlabeled,,
ER-0111,9472,23066,2022-12-12,Art of Green laundry detergent products,AlEn USA Recalls Art of Green® Laundry Detergent Products Due to Risk of Exposure to Bacteria,"This recall involves Art of Green Free and Clear laundry detergent in 100-ounce bottles and Zen Lavender Garden laundry detergent in 100-ounce bottles and 33.8-ounce pouches. The UPC codes are located on the back label near the barcode and the date codes can be found on the cap of the 100-ounce bottles or back left corner of the 33.8-ounce pouches. All products have ""Art of Green"" printed on the front of the label. Product Name UPC Codes Date Codes Art of Green Free and Clear laundry detergent in 100-ounce bottles 4315204860 LOT M 220315 Art of Green Zen Lavender Garden laundry detergent in 100-ounce bottles 4315204850 LOT M 220314 Art of Green Zen Lavender Garden laundry detergent in 33.8-ounce pouches 4315204874 LOT Q 220324 LOT Q 220325 LOT Q 220326 LOT Q 220328","[{""name"": ""The recalled products can contain bacteria, including Pseudomonas aeruginosa, an environmental organism found widely in soil and water. People with weakened immune systems or external medical devices who are exposed to Pseudomonas aeruginosa face a risk of serious infection that may require medical treatment. The bacteria can enter the body if inhaled, through the eyes, or through a break in the skin. People with healthy immune systems are usually not affected by the bacteria."", ""hazard_type"": null, ""hazard_type_id"": null}]",[],"[{""name"": ""Save Mart, Lucky and Food Maxx regional stores and online at Amazon.com from April 2022 through October 2022 for between $6 and $25."", ""company_id"": null}]",https://www.cpsc.gov/Recalls/2023/AlEn-USA-Recalls-Art-of-Green-Laundry-Detergent-Products-Due-to-Risk-of-Exposure-to-Bacteria,20230608-40F8F-4236034,2023-06-08,2023-08-02,Kushe,,,laundry detergent,"(06/08/2023) The consumer has a safety concern about the product. She stated that it is supposed to be environmentally friendly and non-toxic, but it has a very toxic smell. When she opened the product, the fumes went down into her lungs causing her lungs to burn. It also caused her eyes to water and itch.

The consumer stated that the product should be removed from the market.",,Earthcare Labs LLC,amazon.com,,,,,,,0,2,0.4,0.612903,0.5,0.666667,0,0,0,"[""shared_2plus_product_tokens""]",top_ranked_non_upc_candidate,incident_on_or_after_recall,medium,high,unlabeled,,
ER-0112,9475,23070,2022-12-15,Samnyte Tattoo Numbing Creams,Samnyte Tattoo Numbing Creams Recalled Due to Failure to Meet Child-Resistant Packaging Requirement; Sold Exclusively at Amazon.com; Risk of Poisoning; Imported by Liu Xianli,The recall involves Samnyte Tattoo Numbing Cream sold in 60ml and contains Lidocaine 5% with Vitamin E. The product was sold in a white tube with a flip-top closure. The drug facts label is on the back.,"[{""name"": ""The packaging is not child resistant as required by the Poison Prevention Packaging Act. The tattoo numbing cream contains lidocaine, posing a risk of poisoning to young children if they ingest it."", ""hazard_type"": null, ""hazard_type_id"": null}]","[{""name"": ""Sainite Trading (Shenzhen) Co. LTD, of China"", ""company_id"": null}]","[{""name"": ""Online at www.amazon.com from April 2022 through October 2022 for about $23."", ""company_id"": null}]",https://www.cpsc.gov/Recalls/2023/Samnyte-Tattoo-Numbing-Creams-Recalled-Due-to-Failure-to-Meet-Child-Resistant-Packaging-Requirement-Sold-Exclusively-at-Amazon-com-Risk-of-Poisoning-Imported-by-Liu-Xianli,20220523-E8AFC-2147356042,2022-05-22,2022-06-10,Samnyte,60 ml size,6973787220975,Samnyte Tattoo numbing cream. 60 ml size. green box.,I ordered a Samnyte Tattoo numbing cream off amazon.com. I was surprised the top was not child resistant.,,"Sainite Trading Co., Ltd",amazon.com,,2022-05-11,2022-04-08,,,,0,3,0.375,0.597938,0.75,0.428571,1,0,0,"[""shared_2plus_product_tokens""]",top_ranked_non_upc_candidate,pre_recall_public,medium,medium,unlabeled,,
ER-0113,9475,23070,2022-12-15,Samnyte Tattoo Numbing Creams,Samnyte Tattoo Numbing Creams Recalled Due to Failure to Meet Child-Resistant Packaging Requirement; Sold Exclusively at Amazon.com; Risk of Poisoning; Imported by Liu Xianli,The recall involves Samnyte Tattoo Numbing Cream sold in 60ml and contains Lidocaine 5% with Vitamin E. The product was sold in a white tube with a flip-top closure. The drug facts label is on the back.,"[{""name"": ""The packaging is not child resistant as required by the Poison Prevention Packaging Act. The tattoo numbing cream contains lidocaine, posing a risk of poisoning to young children if they ingest it."", ""hazard_type"": null, ""hazard_type_id"": null}]","[{""name"": ""Sainite Trading (Shenzhen) Co. LTD, of China"", ""company_id"": null}]","[{""name"": ""Online at www.amazon.com from April 2022 through October 2022 for about $23."", ""company_id"": null}]",https://www.cpsc.gov/Recalls/2023/Samnyte-Tattoo-Numbing-Creams-Recalled-Due-to-Failure-to-Meet-Child-Resistant-Packaging-Requirement-Sold-Exclusively-at-Amazon-com-Risk-of-Poisoning-Imported-by-Liu-Xianli,20220920-76D73-2147353755,2022-09-20,2022-11-03,Samnyte,,6973787220975,It is a Tattoo numbing cream. 60 ML 5% lidocaine cream.,"I ordered a lidocaine cream from amazon. Samnyte is the brand. From my knowledge as an Emergency Medicine Physician, and my training,  I know this product should have a Child Resistant Closure on it.  It does not.",,"Sainite Trading Co., Ltd",,,,2022-06-17,,,,0,3,0.5,0.629213,0.75,0.6,1,0,0,"[""shared_2plus_product_tokens""]",top_ranked_non_upc_candidate,pre_recall_public,medium,high,unlabeled,,
ER-0114,9482,23075,2022-12-22,GASGAS Off-Road Motorcycles,KTM North America Recalls GASGAS Off-Road Motorcycles Due to Crash and Injury Hazards,This recall involves 2022 GASGAS MC 250 closed course competition Motorcycles. Model number GASGAS MC 250 is printed on the side panel and/or rear fender. GASGAS motorcycles are red with a white GASGAS logo on both sides of the shrouds.,"[{""name"": ""An incorrectly programmed CDI box can lead to engine failure, posing crash and injury hazards."", ""hazard_type"": null, ""hazard_type_id"": null}]",[],"[{""name"": ""GASGAS Motorcycle dealers nationwide from December 2021 through August 2022 for about $8,200."", ""company_id"": null}]",https://www.cpsc.gov/Recalls/2023/KTM-North-America-Recalls-GASGAS=Off-Road-Motorcycles-Due-to-Crash-and-Injury-Hazards,20200819-87EF1-2007287,2020-03-21,2020-11-10,Yamaha Competition Off-Road Motorcycles,YZ250FFW,,"Yamaha Competition Off-Road Motorcycles off road motorcycle

Model YZ250FFW","Early to mid-March 2020:  The consumer went off a jump on the bike and the engine locked up, which caused him to crash.  The consumer blew out his knee, but did not go to the doctor.  His knee has since healed.
 
The consumer was searching the Internet for an engine to replace his.  He came across CPSC Recall# 15-713.  The consumer took the [REDACTED],
(Authorized mfr’s dealer), along with a copy of the recall notice.  10th VIN# F matches Recall.  One of the service technicians looked up the recall in their system and indicated that the bike was not included in the recall.  He also said that the updated “balancers” had certain markings to indicate that they should not present the problem in the recall notice or that they had been repaired.   However, the consumer’s bike did not have that indication.  The consumer also said that he was never notified about the recall.
 
The rep. said that also the consumer’s VIN matched the recall, but some other numbers from his bike did not match.  The dealer's rep. said the bike was not included in CPSC Recall# 15-713.  10th VIN# F matches Recall. 
 
(date unknown) The consumer also contacted the dealer that he purchased it from, but he did not remember the conversation in terms of what transpired.
 
The consumer called the phone number listed in the recall notice:  800-962-7926, but the rep. said that one of the numbers associated with his bike, cause it not to be included in the recall.  Nothing else transpired
 
The consumer said that it would cost $2500 - $4000 to get a replacement motor.  The bike doesn’t have an odometer or hours of use, but he indicated that he has only replaced the back tire once, since he has owned it, which indicates very little use.

He believes that the recall may need to be expanded to include more bikes with similar problems.",,"YAMAHA MOTOR CORPORATION, USA",,,2014-11-01,,,,,0,3,0.375,0.32,0.75,0.428571,0,0,0,"[""shared_2plus_product_tokens""]",top_ranked_non_upc_candidate,pre_recall_public,low,medium,unlabeled,,
ER-0115,9486,23080,2022-12-22,Samsung Top-Load Washing Machines,Samsung Recalls Top-Load Washing Machines Due to Fire Hazard; Software Repair Available,"This recall involves several models of Samsung's top-load washers with super speed wash. The washers were sold in white, black, champagne, and ivory colors and include model series WA49B, WA50B, WA51A, WA52A, WA54A, and WA55A. The model and serial numbers are found on the washer's label attached to the inside of the top lid. An additional label is located on the rear of the washer. The following model and serial number ranges are included in the recall: Model Number Serial Number Range WA49B5105AV/US 01J457BT700001W through 01J457BTB00111H WA49B5105AW/US 01J557BT700001J through 01J557BT700010D WA49B5205AW/US 01HH57BT300006X through 01HH57BTB00932W WA50B5100AV/US 01J257BT70001B through 01J257BTB01232B WA50B5100AW/US 01J357BT770001L through 01J357BT700010F WA51A5505AC/US 01HA57BR700003P through 01HA57BTB00346F WA51A5505AV/US 01H257BR600003R through 01H257BTB02018L WA51A5505AW/US 01GY57BR600026P through 01GY57BTB00269W WA52A5500AC/US 01HB57BR700003Y through 01HB57BTB02968X WA52A5500AV/US 01H357BR600006A through 01H357BTB01820Y WA52A5500AW/US 01H457BR600003X through 01H457BTB01503Y WA54A7305AV/US 01H557BR600003P through 01H557BR800650T WA55A7300AE/US 01H057BR600001H through 01H057BTB05872Z WA55A7700AV/US 01H157BR600151Z through 01H157ZT700005K","[{""name"": ""The washing machines can short-circuit and overheat, posing a fire hazard."", ""hazard_type"": null, ""hazard_type_id"": null}]",[],"[{""name"": ""Best Buy, Costco, The Home Depot, Lowe's and other appliance stores nationwide and online at Samsung.com from June 2021 through December 2022 for between $900 and $1,500."", ""company_id"": null}]",https://www.cpsc.gov/Recalls/2023/Samsung-Recalls-Top-Load-Washing-Machines-Due-to-Fire-Hazard-Software-Repair-Available,20200630-A538E-1992064,2020-06-28,2021-12-03,Samsung,,,Top load washing machine with glass top,"The consumer was washing 2 queen size sheets (1 top and 1 fitted) and 2 pillow cases, when she began to hear a loud noise.  She opened the door to her laundry room and saw the washer shaking so violently that some ends were lifting off of the floor.  The washer crashed into the laundry room door and caused damage.  It may have also caused damaged to the wall in the laundry area.

The 76 years old, 61"" tall, consumer leaned over the washer to unplug it from the wall outlet.  As she leaned over it, the top separated and hit the consumer in her chest.  The consumer was able to unplug it from the outlet and it stopped operating.  The washer is so severely damaged that the consumer cannot open the top lid.

The consumer looked through glass lid and saw that the washers drum had separated from the internal parts that hold it in place.  The top portion separated from the bottom of the machine in the exact same manner described in CPSC Recall 17-028.  The bottom portion of the washer is twisted and bent.

There is a plastic cover behind the control panel, which is cracked and broken and it was not damaged prior to the incident.

There is a dryer beside the washer, but because they are so close together, the consumer cannot tell if its damaged or dented

NOTE:  10 Warranty Direct Drive, is written on the lid of the washer.

At the time of the report, the consumer was unable to move the washer to see the model and serial number.  The washer was already in the home, when the consumer moved in 10/2019.  She and her husband stayed in the home for 2 weeks and left.  She and her husband returned to the home in March 2020, so it has not been used much.",,"SAMSUNG ELECTRONICS AMERICA, INC. (SEA)",,,,,,,,0,4,0.571429,0.825,0.8,0.666667,1,0,0,"[""shared_2plus_product_tokens""]",top_ranked_non_upc_candidate,pre_recall_public,high,high,unlabeled,,
ER-0116,9486,23080,2022-12-22,Samsung Top-Load Washing Machines,Samsung Recalls Top-Load Washing Machines Due to Fire Hazard; Software Repair Available,"This recall involves several models of Samsung's top-load washers with super speed wash. The washers were sold in white, black, champagne, and ivory colors and include model series WA49B, WA50B, WA51A, WA52A, WA54A, and WA55A. The model and serial numbers are found on the washer's label attached to the inside of the top lid. An additional label is located on the rear of the washer. The following model and serial number ranges are included in the recall: Model Number Serial Number Range WA49B5105AV/US 01J457BT700001W through 01J457BTB00111H WA49B5105AW/US 01J557BT700001J through 01J557BT700010D WA49B5205AW/US 01HH57BT300006X through 01HH57BTB00932W WA50B5100AV/US 01J257BT70001B through 01J257BTB01232B WA50B5100AW/US 01J357BT770001L through 01J357BT700010F WA51A5505AC/US 01HA57BR700003P through 01HA57BTB00346F WA51A5505AV/US 01H257BR600003R through 01H257BTB02018L WA51A5505AW/US 01GY57BR600026P through 01GY57BTB00269W WA52A5500AC/US 01HB57BR700003Y through 01HB57BTB02968X WA52A5500AV/US 01H357BR600006A through 01H357BTB01820Y WA52A5500AW/US 01H457BR600003X through 01H457BTB01503Y WA54A7305AV/US 01H557BR600003P through 01H557BR800650T WA55A7300AE/US 01H057BR600001H through 01H057BTB05872Z WA55A7700AV/US 01H157BR600151Z through 01H157ZT700005K","[{""name"": ""The washing machines can short-circuit and overheat, posing a fire hazard."", ""hazard_type"": null, ""hazard_type_id"": null}]",[],"[{""name"": ""Best Buy, Costco, The Home Depot, Lowe's and other appliance stores nationwide and online at Samsung.com from June 2021 through December 2022 for between $900 and $1,500."", ""company_id"": null}]",https://www.cpsc.gov/Recalls/2023/Samsung-Recalls-Top-Load-Washing-Machines-Due-to-Fire-Hazard-Software-Repair-Available,20211006-A3BC6-3461337,2021-10-03,2021-11-18,Samsung,856H9000AP/A2,,top load washing machine,"10/3/2021:  The consumer used the washer and his home became flooded.  A grey and black, plastic hose (not the drain or the fill hose) failed.  Water spread out in more than 1 room and dripped from a room upstairs to a room downstairs and damaged the drywall ceiling.  He called the manufacturer that same day, but was told to call back on Monday

10/4/2021:  The consumer called the manufacturer and their rep. (name unknown), looked it up and confirmed that his washer was a recalled item.  The consumer said he was never notified about the recall and asked why.  The rep. said she was new, but believed that the firm sent out notifications.  The consumer said he never received it.  The consumer was given a phone number to have a technician come out.  The consumer called that number several times and he finally spoke with someone today 10/6/2021.  They are not able to send out a tech. until a week later.

The consumer called the firm back and was told that a tech. could not be sent out till late October 2021.  The rep. also confirmed that the washer was included in the recall, but the problem he had was not related to the recall.",,"SAMSUNG ELECTRONICS AMERICA, INC. (SEA)",Lowes,,2015-07-01,,,,,0,4,0.571429,0.810127,0.8,0.666667,1,0,0,"[""shared_2plus_product_tokens""]",top_ranked_non_upc_candidate,pre_recall_public,high,high,unlabeled,,
ER-0117,9496,23090,2023-01-12,2019-2021 Honda Talon 1000 ROVs,American Honda Expands Recall of Honda Talon 1000 ROVs Due to Crash and Injury Hazards,"This recall expansion involves an additional 2,000 2021 model year Honda Talon 1000 side-by-sides with model numbers Talon 1000 S2 and Talon 1000 S4. The vehicles were sold in various colors including red, blue, green, gray and yellow. ""HONDA"" is printed on the front, sides and the rear of each vehicle. ""Talon"" is printed on a label located on both sides of the vehicle. The Vehicle Identification Number (VIN) number is stamped on the frame on the left side under the left front fender. The VIN range for affected Talon 1000s is as shown below. Original Recall: MY Model VIN Start VIN End 2019 Talon 1000 S2 1HFVE05**K4000003 1HFVE05**K4003902 2020 Talon 1000 S2 1HFVE05**L4100001 1HFVE05**L4102280 2021 Talon 1000 S2 1HFVE05**M4200001 1HFVE05**M4202760 2020 Talon 1000 S4 1HFVE06**L4000002 1HFVE06**L4003420 2021 Talon 1000 S4 1HFVE06**M4100001 1HFVE06**M4102218 Expanded Recall: : MY Model VIN Start VIN End 2019 Talon 1000 S2 1HFVE05**M4200084 1HFVE05**M4203061 2020 Talon 1000 S4 1HFVE06**M4100121 1HFVE06**M4102580","[{""name"": ""The vehicle's intake funnel band screw can loosen and enter the engine through the intake funnel and cause sudden engine failure. If this occurs, it can result in a loss of control, increasing the risk of a crash or injury."", ""hazard_type"": null, ""hazard_type_id"": null}]","[{""name"": ""American Honda Motor Co. Inc., of Torrance, California"", ""company_id"": null}]","[{""name"": ""Authorized Honda Powersports dealers nationwide from March 2019 through September 2022 for between $20,000 and $27,000."", ""company_id"": null}]",https://www.cpsc.gov/Recalls/2023/American-Honda-Expands-Recall-of-Honda-Talon-1000-ROVs-Due-to-Crash-and-Injury-Hazards,20221111-D7C0F-2147352766,2022-10-17,2022-12-15,Honda,Talon 1000r,,2021 Honda talon 1000r,Was driving a 20201 Honda talon and hit a stump off road and bent the frame and control arm wasn’t a very hard hit. After doing research it seems the frames and a arms on these Honda talons are weak and prone to bending and breaking,,"American Honda Motor Co., Inc.",Lifestyles Honda,,2022-09-15,,,,,0,3,0.428571,0.676056,0.5,0.75,1,1,0,"[""shared_2plus_product_tokens""]",top_ranked_non_upc_candidate,pre_recall_public,medium,high,unlabeled,,
ER-0118,9497,23091,2023-01-12,"BISSELL® Cordless Multi-Surface Wet Dry Vacuums Models 2551, 2551W and 25519",BISSELL Recalls Cordless Multi-Surface Wet Dry Vacuums Due to Fire Hazard,"This recall involves BISSELL Cordless Multi-Surface Wet Dry Vacuum models 2551, 2551W and 25519. ""BISSELL"" is printed on the foot of the product. The model numbers are visible when the clean water tank is removed.","[{""name"": ""The circuit board inside the vacuum's battery pack can overheat and smoke, posing a fire hazard."", ""hazard_type"": null, ""hazard_type_id"": null}]",[],"[{""name"": ""Walmart stores nationwide and online at www.bissell.com, www.walmart.com, www.qvc.com, www.amazon.com, www.costco.com, www.fingerhut.com, www.acehardware.com, www.kohls.com, and www.wayfair.com from January 2019 through November 2022 for about $360."", ""company_id"": null}]",https://www.cpsc.gov/Recalls/2023/BISSELL-Recalls-Cordless-Multi-Surface-Wet-Dry-Vacuums-Due-to-Fire-Hazard,20230119-B05CB-2147351292,2021-12-01,2023-02-08,Bissell,2596,2106700202FXB,BISSELL® Cordless Multi-Surface Wet Dry Vacuums,The machine has leaked dirty water ever since I received it.  It causes a serious fall hazard for the elderly.,,"BISSELL Homecare, Inc",Bissell website,,2021-11-16,,,,,0,7,0.583333,0.691729,0.636364,0.875,1,0,0,"[""shared_2plus_product_tokens""]",top_ranked_non_upc_candidate,pre_incident_published_after_recall,medium,high,unlabeled,,
ER-0119,9505,23098,2023-01-19,"Credhedz Lizard Helmets, Crayola Dry Erase Helmets and Tony Hawk Multi-Purpose Helmets",Sakar International Recalls Multi-Purpose Helmets Due to Risk of Head Injury,"This recall involves three helmet models from Sakar International; Tony Hawk, Credhedz Lizard and Crayola Dry-Erase helmets. Tony Hawk multi-purpose helmets were sold in various colors and have black straps and a black buckle. The white warning label on the inside of the helmet contains one of the following item numbers on the top right corner: AGE251TH-GCRM, AGE251TH-NCRM, AGE251TH-BKMT, AGE251TH-BLU-T30-12, AGE251TH-RBW, AGE22SLDTH-BLK, or ACTGEAR242TH-GRN. Credhedz Lizard multi-purpose helmets are black with a green plastic lizard on the top of the helmet and have black straps and a black buckle. The white warning label on the inside of the helmet contains Item No. ACTGEAR241-LIZ on the top right corner. Crayola Dry-Erase multi-purpose helmets are white and have black straps and a black buckle and are sold with a five pack of markers. The white warning label on the inside of the helmet contains Item No. ACTGEAR242071 on the top right corner.","[{""name"": ""The recalled helmets do not comply with the positional stability and retention system requirements of the U.S. CPSC federal safety standard for bicycle helmets. The helmets can fail to protect in the event of a crash, posing a risk of head injury."", ""hazard_type"": null, ""hazard_type_id"": null}]","[{""name"": ""Sakar International Inc., of Edison, New Jersey"", ""company_id"": null}]","[{""name"": ""Big Lots, Ollies Bargain Outlet and other stores nationwide and online at Amazon.com from November 2020 through October 2022 for about $30."", ""company_id"": null}]",https://www.cpsc.gov/Recalls/2023/Sakar-International-Recalls-Multi-Purpose-Helmets-Due-to-Risk-of-Head-Injury,20250818-42F88-5491804,2022-09-01,2026-01-06,Werner,ALMP-201,,16’- 10” multi-purpose ladder,"Within the same year that the ladder was purchased the consumer had trouble while securing it and unlocking it. The consumer experienced the exact same issues mentioned in CPSC Recall# 25-431:  The ladders’ locking mechanism can jam and not fully lock into place. The consumer believes that the recall may need to be expanded.  He was extremely careful when he used it and was not injured. The pictures on the recall notice that he received from the retailer showed his ladder and not the taller ones included in the recall.  After viewing the recall online, he saw that his was not included.",,Werner Co,Home depot,,2022-07-01,,,,,0,2,0.142857,0.393701,0.2,0.333333,0,0,0,"[""shared_2plus_product_tokens""]",top_ranked_non_upc_candidate,pre_incident_published_after_recall,low,low,unlabeled,,
ER-0120,9520,23115,2023-02-08,Fabuloso Multi-Purpose Cleaners,Colgate-Palmolive Recalls Fabuloso Multi-Purpose Cleaners Due to Risk of Exposure to Bacteria,"This recall involves certain Fabuloso Multi-Purpose Cleaners, which is a multi-purpose cleaner that can be used to clean most residential hard surfaces. The first 8 digits of the lot code of the recalled products are 2348US78 through 2365US78 and 3001US78 through 3023US78. A list of the UPC and lot codes of the recalled products can be found at www.Fabulosorecall.com. For a complete list of products, visit www.Fabulosorecall.com. The lot code is located on the back of the bottle above the label either directly above or towards the top of the bottle. No Fabuloso Antibacterial variants or other Fabuloso products are impacted by this recall. The following Fabuloso Multi-Purpose Cleaners are included in this recall. Lavender Scent Fabuloso Original Multi-Purpose Cleaner, Lavender Scent, 22 FL OZ Fabuloso Multi-Purpose Cleaner 2X Concentrated Formula, Lavender Scent, 56 FL OZ, 128 FL OZ, 169 FL OZ Fabuloso Multi-Purpose Cleaner, Lavender Scent, 210 FL OZ Fabuloso Professional All Purpose Cleaner & Degreaser, Lavender Scent, 1 GALLON Refreshing Lemon Scent Fabuloso Original Multi-Purpose Cleaner, Refreshing Lemon Scent, 22 FL OZ Fabuloso Multi-Purpose Cleaner 2X Concentrated Formula, Refreshing Lemon Scent, 33.8 FL OZ, 56 FL OZ, 128 FL OZ and 169 FL OZ Passion of Fruits Scent Fabuloso Multi-Purpose Cleaner 2X Concentrated Formula, Passion of Fruits Scent, 33.8 FL OZ, 56 FL OZ, 128 FL OZ and 169 FL OZ Spring Fresh Scent Fabuloso Multi-Purpose Cleaner Bleach Alternative 2X Concentrated Formula, Spring Fresh Scent, 56 FL OZ Ocean Scent Fabuloso Professional All Purpose Cleaner & Degreaser, Ocean Scent, 1 GALLON","[{""name"": ""The recalled products can contain Pseudomonas species bacteria, including Pseudomonas aeruginosa and Pseudomonas fluorescens, which are environmental organisms found widely in soil and water. People with weakened immune systems, external medical devices, or underlying lung conditions who are exposed to the bacteria face a risk of serious infection that may require medical treatment. The bacteria can enter the body if inhaled, through the eyes, or through a break in the skin. People with healthy immune systems are usually not affected by the bacteria."", ""hazard_type"": null, ""hazard_type_id"": null}]","[{""name"": ""Colgate-Palmolive Company, of New York"", ""company_id"": null}]","[{""name"": ""Online at Amazon.com and other websites and at Dollar General, Family Dollar, The Home Depot, Sam's Club, Walmart, and other major retailers nationwide from December 2022 through January 2023 for between $1 and $11."", ""company_id"": null}]",https://www.cpsc.gov/Recalls/2023/Colgate-Palmolive-Recalls-Fabuloso-Multi-Purpose-Cleaners-Due-to-Risk-of-Exposure-to-Bacteria,20230211-45EB0-2147350787,2023-02-01,2023-03-02,Fabuloso multi purpose cleaner lavender scent,035000530325,035000530325,It is fabuloso lavender product,I have skin break down and other health issues,,COLGATE PALMOLIVE CO.,,,,,,,,0,3,0.375,0.512397,0.75,0.428571,0,0,0,"[""shared_2plus_product_tokens""]",top_ranked_non_upc_candidate,pre_incident_published_after_recall,medium,medium,unlabeled,,
ER-0121,9534,23127,2023-02-16,"My First Mickey Mouse, Minnie Mouse, Buzz Lightyear, and Stitch Figurines","Kids Preferred Recalls ""My First"" Disney-Character Figurines Due to Choking Hazard","This recall involves soft vinyl figurines of the following Disney characters: Mickey Mouse, Minnie Mouse, Buzz Lightyear, and Stitch. Some of the figurines have a bead rattle. They measure about 4.25 to 5.25 inches high.","[{""name"": ""The arms or legs on the figurines can detach, posing a small part choking hazard to children."", ""hazard_type"": null, ""hazard_type_id"": null}]",[],"[{""name"": ""BuyBuy Baby and other toy, gift, and bookstores nationwide and online at amazon.com from May 2022 through December 2022 for between $15 and $19."", ""company_id"": null}]",https://www.cpsc.gov/Recalls/2023/Kids-Preferred-Recalls-My-First-Disney-Character-Figurines-Due-to-Choking-Hazard,20200821-00536-2147370314,2020-08-16,2020-10-08,Disney,Mickey Mouse Happy Triangle Walker,,"Disney Babies Mickey Mouse Happy Triangle Walker

Baby Walker Baby Mickey","I have a nine month old grandson who was injured in one of the Disney Babies walkers. On Sunday August 16th he was put in the walker for the first time. He seemed to just love it and after about 5 minutes or so of moving around in it he got a look on his face that showed something wasn't right. At first we didn't know what had happened until I noticed his foot was all red and looked like it had been ran over. Then it happened a second time and immediatly we knew! There were several of us watching him because lets face it, our little ones are usually the life of the party. We took him out and I loaded up the walker and took it back to Walmart and filed a report with them. A baby should not be able to run over his own foot while walker in a baby walker! I wanted you to know so this doesn't happen to some other little one. I also would like some sort of compensation for my grandson! A gift card or something so we can go buy something else for him.
The UPC code is: 74451 11237
It's called: Disney Babies Mickey Mouse Happy Triangle Walker
It's a bright start item
Another number is DC LT
                                   00770-61751
If you need anything else my phone numer is [REDACTED PHONE NUMBER]
My email is [REDACTED EMAIL]

I will be looking for a response.

Sincerely,

[REDACTED NAME]",,"KIDS II, INC",Walmart,,2020-08-02,,,,,0,2,0.142857,0.391304,0.25,0.25,0,0,0,"[""shared_2plus_product_tokens""]",top_ranked_non_upc_candidate,pre_recall_public,low,low,unlabeled,,
ER-0122,9537,23130,2023-02-23,Cosori Air Fryers,Two Million COSORI® Air Fryers Recalled by Atekcity Due to Fire and Burn Hazards,"This recall involves Cosori air fryers with model numbers CP158-AF, CP158-AF-R19, CP158-AF-RXW, CP158-AF-RXR, CAF-P581-BUSR, CAF-P581-AUSR, CAF-P581-RUSR, CP137-AF, CP137-AF-RXB, CP137-AF-RXR, CP137-AF-RXW, CS158-AF, CS158-AF-RXB, CS158-AF-R19, CAF-P581S-BUSR, CAF-P581S-RUSR, CAF-P581S-AUSR, CO137-AF, CO158-AF, CO158-AF-RXB, CP258-AF. The brand name Cosori is on the front of each unit. The model number is printed on the bottom label of each unit and on the accompanying user manual. The units are size 3.7 and 5.8 qt. and were sold in black, gray, white, blue or red colors.","[{""name"": ""A wire connection in the air fryers can overheat, posing fire and burn hazards."", ""hazard_type"": null, ""hazard_type_id"": null}]",[],"[{""name"": ""Best Buy, Target and The Home Depot stores nationwide and online at Amazon.com, Adorama.com, Bedbathandbeyond.com, Cosori.com, eBay.com, Homegoods.com, Kohls.com, Lowes.com, Macys.com, QVC.com, Staples.com, Vesync.com, Walmart.com, Wayfair.com, Wellbots.com and Woot.com from June 2018 through December 2022 for between $70 and $130."", ""company_id"": null}]",https://www.cpsc.gov/Recalls/2023/Two-Million-COSORI-Air-Fryers-Recalled-by-Atekcity-Due-to-Fire-and-Burn-Hazards,20230401-CEA79-2147348334,2022-09-08,2023-04-19,Cosori,CP137-AF,03195012531,Air friyer,Electric shock,,Vesync Group,,,,,,,,0,2,0.4,0.744186,0.666667,0.5,1,0,0,"[""shared_2plus_product_tokens""]",top_ranked_non_upc_candidate,pre_incident_published_after_recall,high,high,unlabeled,,
ER-0123,9537,23130,2023-02-23,Cosori Air Fryers,Two Million COSORI® Air Fryers Recalled by Atekcity Due to Fire and Burn Hazards,"This recall involves Cosori air fryers with model numbers CP158-AF, CP158-AF-R19, CP158-AF-RXW, CP158-AF-RXR, CAF-P581-BUSR, CAF-P581-AUSR, CAF-P581-RUSR, CP137-AF, CP137-AF-RXB, CP137-AF-RXR, CP137-AF-RXW, CS158-AF, CS158-AF-RXB, CS158-AF-R19, CAF-P581S-BUSR, CAF-P581S-RUSR, CAF-P581S-AUSR, CO137-AF, CO158-AF, CO158-AF-RXB, CP258-AF. The brand name Cosori is on the front of each unit. The model number is printed on the bottom label of each unit and on the accompanying user manual. The units are size 3.7 and 5.8 qt. and were sold in black, gray, white, blue or red colors.","[{""name"": ""A wire connection in the air fryers can overheat, posing fire and burn hazards."", ""hazard_type"": null, ""hazard_type_id"": null}]",[],"[{""name"": ""Best Buy, Target and The Home Depot stores nationwide and online at Amazon.com, Adorama.com, Bedbathandbeyond.com, Cosori.com, eBay.com, Homegoods.com, Kohls.com, Lowes.com, Macys.com, QVC.com, Staples.com, Vesync.com, Walmart.com, Wayfair.com, Wellbots.com and Woot.com from June 2018 through December 2022 for between $70 and $130."", ""company_id"": null}]",https://www.cpsc.gov/Recalls/2023/Two-Million-COSORI-Air-Fryers-Recalled-by-Atekcity-Due-to-Fire-and-Burn-Hazards,20231215-B7F78-2147343425,2023-08-02,2024-01-12,power xl,,,PowerXL Air Fryers,the middle part broke when i pull it out and chicken oil got my foot,,"Empower Brands, LLC",walmart,,,,,,,0,2,0.4,0.636364,0.666667,0.5,0,0,0,"[""shared_2plus_product_tokens""]",top_ranked_non_upc_candidate,incident_on_or_after_recall,medium,high,unlabeled,,
ER-0124,9539,23132,2023-02-23,SmartBase® Euro Slats Metal Platform Bed Frames,Zinus Recalls SmartBase Euro Slats Metal Platform Bed Frames Due to Injury Hazard,"This recall involves certain models of Zinus SmartBase Euro Slats metal mattress platform bed frames. The recalled bedframes have a black metal frame and measure 14 inches high and were sold in twin, full, queen and king sizes. The model codes OLB-MESB-T, OLB-MESB-F, OLB-MESB-Q and OLB-MESB-K can be found on purchase invoice or box; the last letter in each model code indicates the size.","[{""name"": ""The bedframe assembly kit did not include reinforcing brackets for installation on the corners of the frame, which could lead to the frame collapsing, posing an injury hazard."", ""hazard_type"": null, ""hazard_type_id"": null}]",[],"[{""name"": ""Online at Amazon, Wayfair, Wal-Mart, Target, Overstock and The Home Depot from May 2022 through November 2022 for between $74 and $200."", ""company_id"": null}]",https://www.cpsc.gov/Recalls/2023/Zinus-Recalls-SmartBase-Euro-Slats-Metal-Platform-Bed-Frames-Due-to-Injury-Hazard,20210501-19CC7-2147364397,2021-04-05,2021-05-26,,HR Platform Frames,,Metal frame,The metal frame bent causing my bed to sink in,,"GLOBAL HOME IMPORTS, INC.",,,,,,,,0,3,0.375,0.473684,0.428571,0.75,0,0,0,"[""shared_2plus_product_tokens""]",top_ranked_non_upc_candidate,pre_recall_public,medium,medium,unlabeled,,
ER-0125,9545,23729,2023-02-23,Replacement lower blade guards for 12-inch Chicago Electric Miter Saws,Harbor Freight Tools USA Recalls Replacement Lower Blade Guards for 12-Inch Chicago Electric Miter Saw Due to Injury Hazard; Sold Exclusively at Harbor Freight Tools (Recall Alert),"This recall involves replacement lower blade guards sold for Chicago Electric Power Tools brand 12-inch Double Bevel Sliding Compound Miter Saws bearing item number 61970 and serial numbers less than 370331936. The saw's item number and serial number are printed on the bottom of the saw's warning label. The recalled lower blade guards are made of clear polycarbonate and gray polycarbonate with the words ""Chicago Electric"" stamped into the gray area. There is no serial number for the replacement guard. Only replacement guards, purchased during or after August 2019, are part of this recall.","[{""name"": ""The recalled replacement lower blade guards do not sufficiently cover the saw blade and can break when making a cut, posing an injury hazard to the user."", ""hazard_type"": null, ""hazard_type_id"": null}]",[],"[{""name"": ""Harbor Freight Tools' parts service department from August 2019 through September 2022 for between $10 and $30."", ""company_id"": null}]",https://www.cpsc.gov/Recalls/2023/Harbor-Freight-Tools-USA-Recalls-Replacement-Lower-Blade-Guards-for-12-Inch-Chicago-Electric-Miter-Saw-Due-to-Injury-Hazard-Sold-Exclusively-at-Harbor-Freight-Tools-Recall-Alert,20230515-541FF-2147347555,2022-11-01,2023-05-31,12-inch Chicago Electric Miter Saws- Item # 61970,12-inch Chicago Electric Miter Saws- Item # 61970,,12-inch Chicago Electric Miter Saws- Item # 61970 - Serial number-370331751,MY  lower blade guard broken(Safety Hazard) for 12-inch Chicago Electric Miter Saw- Item # 61970 - Serial number-370331751,,Harbor Freight Tools,,,,,,,,0,5,0.384615,0.393162,0.555556,0.555556,0,0,0,"[""shared_2plus_product_tokens""]",top_ranked_non_upc_candidate,pre_incident_published_after_recall,low,medium,unlabeled,,
ER-0126,9557,23147,2023-03-09,Anker 535 Power Banks (PowerCore 20k),Fantasia Trading Recalls Anker Power Banks Due to Fire Hazard,"This recall involves Anker 535 Mobile Power Banks (PowerCore 20k) with model number A1366. The power bank can be used to charge multiple devices from laptops, tablets or phones with a 30W maximum output. The mobile power bank comes with two USB cables and in a variety of colors. The power bank measures about 3 inches wide, 6 inches long and 1 inch deep. Anker is engraved on the front and the model number A1366 is on the back of the power bank.","[{""name"": ""The lithium-ion batteries in the recalled power banks can overheat, posing a fire hazard."", ""hazard_type"": null, ""hazard_type_id"": null}]",[],"[{""name"": ""Target stores nationwide and online at Anker.com, Amazon.com and eBay.com from October 2022 through January 2023 for about $70."", ""company_id"": null}]",https://www.cpsc.gov/Recalls/2023/Fantasia-Trading-Recalls-Anker-Power-Banks-Due-to-Fire-Hazard,20230403-F6680-2147348303,2023-03-05,2023-04-19,Anker,Anker 535 Power Bank (PowerCore 20K) Model # A1366,,Anker 535 Mobile Power Banks (PowerCore20k) with model number A1366,"Anker 535 Mobile Power Banks (PowerCore20k) with model number A1366.  I purchased 4 of these in December 2022 for my family.  On Sunday, March 5 at approximately 5:30 pm one of these power banks exploded causing a house fire.  The power bank was laying on top of my dresser drawers in our master bedroom not plugged into any power outlets or charging any devices.  It was literally laying on dresser and exploded.  Luckily me and my wife were at home when the explosion happened.  After hearing the explosion me and my wife ran in bedroom and found everything on top of dresser was engulfed with fire.  The flames were around 24-36"" tall.  We grabbed anything we could find to smother the fire and douse with water.  During the chaos of trying to put out the fire my wife fell and injured her leg to the point she couldn't put any pressure on it.  She went to Doctor the next day to check for fracture in hip or ankle.  X-rays were done and fortunately found no fractures. My wife had to miss 3 days of work due to these injuries.  I had our insurance company survey the damages and contacted a lawyer.  I estimate around $2000 in property damage and whatever medical bills and loss of work days.  I have not contacted Anker yet due to the advise of our attorney.  I would appreciate some guidance from your agency on what I should do next.",,FANTASIA TRADING LLC,Amazon,,2022-12-19,,,,,0,6,0.6,0.444444,1.0,0.6,1,0,0,"[""shared_2plus_product_tokens""]",top_ranked_non_upc_candidate,pre_incident_published_after_recall,medium,high,unlabeled,,
ER-0127,9564,23737,2023-03-09,Baby Crib Bumpers,Crib Bumpers Recalled Due to Violation of Federal Crib Bumper Ban; Suffocation Hazard; Sold by Meiling Hou (Recall Alert),This recall involves NO1 and NO2 baby crib bumpers. The padded cotton bumpers measure 79 inches long by 12 inches tall and were sold in a clear zip bag. Crib bumpers NO1 are white and gray and have a cloud pattern. Crib bumpers NO2 are white.,"[{""name"": ""Infants can suffocate if they roll or move on the crib bumper in a position that obstructs breathing. Padded crib bumpers are banned under federal law."", ""hazard_type"": null, ""hazard_type_id"": null}]",[],"[{""name"": ""Online at Aliexpress.com and Temu.com from November 2022 through January 2023 for about $26."", ""company_id"": null}]",https://www.cpsc.gov/Recalls/2023/Crib-Bumpers-Recalled-Due-to-Violation-of-Federal-Crib-Bumper-Ban-Suffocation-Hazard-Sold-by-Meiling-Hou-Recall-Alert,20210226-EDA2C-2147365640,2021-02-17,2021-04-13,Baby Bjorn,,,Baby Bjorn travel crib,My 2 year old naps in a baby bjorn crib. She recently was able partially unzip one of the mesh panels and subsequently got her head/neck stuck. If she had been seen within a few minutes by our childcare provider she could have suffered serious injury or death.,,BabyBjorn Inc.,babyBjorn.con,,2017-08-01,,,,,0,2,0.4,0.36,0.666667,0.5,0,0,0,"[""shared_2plus_product_tokens""]",top_ranked_non_upc_candidate,pre_recall_public,low,high,unlabeled,,
ER-0128,9568,23157,2023-03-16,Sunbeam® Queen Size Heated Blankets,Sunbeam Heated Blankets Recalled Due to Burn and Fire Hazards; Distributed by Star Elite,"This recall involves the Sunbeam Queen Size Heated Blanket, model number 32810027. The blankets were sold with detachable controllers and in the following colors: beige, ivory, light green, dark blue, light blue, burgundy, dark gray, light gray and gray violet. The Sunbeam logo and the model number are printed on the wash label affixed to the blanket.","[{""name"": ""The recalled heated blankets can overheat, posing fire and burn hazards."", ""hazard_type"": null, ""hazard_type_id"": null}]",[],"[{""name"": ""Online at Amazon.com and small independent stores nationwide from September 2022 through January 2023 for about $120."", ""company_id"": null}]",https://www.cpsc.gov/Recalls/2023/Sunbeam-Heated-Blankets-Recalled-Due-to-Burn-and-Fire-Hazards-Distributed-by-Star-Elite,20230501-BB5FF-4193634,2023-01-10,2023-06-01,Sunbeam,32810027,,2 Queen size electric blankets,"Early January 2023, the consumer experienced a fire with the electric blanket.

The consumer’s daughter used the electric blanket for less than an hour and turned it off.  The blankets had high, medium and a low setting and the daughter used it on the low setting, the day of the incident.  After the daughter turned it off an electrical fire occurred.

The consumer removed her child and called the fire department.  The fire department came and extinguished the flames.  The daughter’s bed, cell phone, and lap top, as well as the bedroom walls were burned.

The consumer experienced smoke inhalation and a 3rd degree burn to her left thigh area.  The consumer went to the local emergency room and was treated for 3rd degree burns.  She was released the same day and prescribed silver cream, prednisone and a silver cream.  The consumer has Complex Regional Pain Syndrome (CRPS) and new injuries can cause it flair up.


The consumer contacted the recall firm and filed a report.  She was told that someone would get back to her in 3 – 5 days.  No one called her, so she called the firm again and was told that someone would get back in touch with her.  

The consumer later received an email advising her to call them.  She called them and was told that her claim was denied.  She was also told that nothing else could be done.

The consumer had to replace 2 beds that were in the same room, and is still working on replacing the cell phone and computer.  She provided the firm with the emergency room medical report, pictures of her injury and pictures of the damage to her home.  The fire department took all of the burned items and disposed of them for safety reasons.  However the firm has told the consumer that they require the serial numbers and the products, before a claim would be approved.



The blankets may have been part of Recall# 23-157, but since they were destroyed in the fire, it’s unknown.",,Star Elite,Walmart,,2023-01-01,,,,,0,4,0.571429,0.740741,0.8,0.666667,1,0,0,"[""shared_2plus_product_tokens""]",top_ranked_non_upc_candidate,pre_incident_published_after_recall,high,high,unlabeled,,
ER-0129,9572,23161,2023-03-17,Mockingbird Single Strollers,Mockingbird Expands Recall to Include Single Strollers Due to Fall Hazard,"This recall expansion involves Mockingbird Single Strollers. Mockingbird Strollers are made of aluminum and are black or silver in color. The seats are black, and the canopies are available in black, light blue, dark blue, pink and light green. The recall expansion includes Mockingbird Single Strollers with a lot number between 18322 and 22278, and lot numbers 23174 and 23175 only. The lot number is a five-digit number that can be found on the white product label located on the inner left side of the stroller frame near the top of the basket.","[{""name"": ""The lower side of the stroller frame can crack, posing a fall risk to children in the stroller."", ""hazard_type"": null, ""hazard_type_id"": null}]",[],"[{""name"": ""Online at hellomockingbird.com, babylist.com and goodbuygear.com from March 2020 through March 2023 for between $350 and $450."", ""company_id"": null}]",https://www.cpsc.gov/Recalls/2023/Mockingbird-Expands-Recall-to-Include-Single-Strollers-Due-to-Fall-Hazard,20221114-336C7-2147352660,2022-11-14,2022-12-05,Mockingbird,Single to double stroller,,Mockingbird single to double stroller,My Mockingbird single to double stroller is affected by the recall. This caused me to inspect the frame for cracks and I found a small crack in the lower part of the frame.,,"Baby Generation, Inc",Mockingbird website,,,,,,,0,2,0.4,0.543689,0.666667,0.5,1,0,0,"[""shared_2plus_product_tokens""]",top_ranked_non_upc_candidate,pre_recall_public,medium,high,unlabeled,,
ER-0130,9588,23176,2023-04-06,BISSELL® Cordless Multi-Surface Wet Dry Vacuums Models 2551R and 25518,BISSELL Expands Recall of Cordless Multi-Surface Wet Dry Vacuums Due to Fire Hazard,"This recall expansion involves BISSELL Cordless Multi-Surface Wet Dry Vacuum models 2551R and 25518. ""BISSELL"" is printed on the foot of the product. The model numbers are visible when the clean water tank is removed.","[{""name"": ""The circuit board inside the vacuum's battery pack can overheat and smoke, posing a fire hazard."", ""hazard_type"": null, ""hazard_type_id"": null}]",[],"[{""name"": ""Ollie's Bargain Outlet stores nationwide and online at www.hsn.com from May 2019 through July 2021 for between about $180 and $330."", ""company_id"": null}]",https://www.cpsc.gov/Recalls/2023/BISSELL-Expands-Recall-of-Cordless-Multi-Surface-Wet-Dry-Vacuums-Due-to-Fire-Hazard,20230119-B05CB-2147351292,2021-12-01,2023-02-08,Bissell,2596,2106700202FXB,BISSELL® Cordless Multi-Surface Wet Dry Vacuums,The machine has leaked dirty water ever since I received it.  It causes a serious fall hazard for the elderly.,,"BISSELL Homecare, Inc",Bissell website,,2021-11-16,,,,,0,7,0.636364,0.71875,0.7,0.875,1,0,0,"[""shared_2plus_product_tokens""]",top_ranked_non_upc_candidate,pre_recall_public,high,high,unlabeled,,
ER-0131,9611,23193,2023-05-04,Twin Over Twin Bunk Beds,Walker Edison Furniture Recalls Twin Over Twin Bunk Beds Due to Fall and Impact Hazards,"This recall involves Walker Edison Furniture Twin Over Twin Bunk Beds. The wooden bunk beds were sold in various colors and finishes. All models have a ladder down the side. Walker Edison Furniture, Made in Brazil and the model name are printed on a label on the inside of the bed rail or foot board. BWSTOTBL Solid Wood Bunk Bed - Black BWSTOTBL- TR Solid Wood Twin over Twin Bunk Bed + Storage/Trundle Bed - Black BWSTOTCH Twin over Twin Wood Bunk Bed - Cherry BWSTOTCH- TR Solid Wood Twin over Twin Bunk Bed + Storage/Trundle Bed - Cherry BWSTOTES Twin over Twin Wood Bunk Bed - Espresso BWSTOTES- TR Solid Wood Twin over Twin Bunk Bed + Storage/Trundle Bed - Espresso BWSTOTGY Solid Wood Bunk Bed - Gray BWSTOTGY- TR Solid Wood Twin over Twin Bunk Bed + Storage/Trundle Bed - Gray BWSTOTHY Wood Twin over Twin Bunk Bed - Honey BWSTOTHY- TR Solid Wood Twin over Twin Bunk Bed + Storage/Trundle Bed - Honey BWSTOTNL Wood Twin over Twin Bunk Bed - Natural BWSTOTNL- TR Solid Wood Twin over Twin Bunk Bed + Storage/Trundle Bed - Natural BWSTOTWH Twin over Twin Wood Bunk Bed - White BWSTOTWH- TR BWSTOTWH-TR - Solid Wood Twin over Twin Bunk Bed + Storage/Trundle Bed - White","[{""name"": ""The wooden slats supporting the bunk beds can break while in use, posing fall and impact hazards."", ""hazard_type"": null, ""hazard_type_id"": null}]",[],"[{""name"": ""Online at Walmart.com, HomeDepot.com, Amazon.com, Overstock.com and Wayfair.com from February 2010 through February 2022 for between $206 and $389."", ""company_id"": null}]",https://www.cpsc.gov/Recalls/2023/Walker-Edison-Furniture-Recalls-Twin-Over-Twin-Bunk-Beds-Due-to-Fall-and-Impact-Hazards,20201207-A6349-2147367621,2020-07-01,2021-01-13,Bayside Furnishings,JORTOFBB,,"Bayside Furnishings Twin over full size bunk beds

Model JORTOFBB","I purchased a twin over full bunk bed from Costco in 2019. after my purchase I had placed the product in storage anticipating my move to a new home in 2020. When I finally moved into my new home in July of 2020, I assembled the bunk beds for my sons room. while we were putting the bottom bed (Full size) together, we noticed that the bottom railing doesn't quite fit into the space allowed for the frame (almost like it was too small). the mattress did fit on the bed anyways so I proceeded to allow my sons to use the beds. About 3 weeks after that, the full size bed would sink and the railing would fall through when my son would sit or lay on the bed. I called the manufacturer and was placed on hold ""due to high call volume"" and never got a hold of anyone. I hung up and called back a few days later. this time I got someone after waiting over an hour. I explained to the representative what was going on. and I wa told that I should take the bed a part to try a technique that the representative thought would fix the bed. I told her that I had limited assistance with me and that I was disabled and could not take a bed apart. I requested for her to send out a new railing so I could have someone replace the old one that was too small. The representative said she would and that I would receive it in 7-10 business days and that this would be the only time they would be sending this replacement product. I waited a few weeks to get the part and it never came. in fact it still haste and that was months ago. so I put in another call to the company. Again, I waited on hold for over an hour and when a representative finally answered I got hung up on. so I decided to contact this department so I can get the part I need for my bed. This bed issue has been a safety issue. as I explained to the representative of the manufacturing company, I have a son with autism who sleeps in the bunk bed and I am fearful that he will either get his head caught  between the bed and the broken railing. My son has gotten his hand stuck under the railing and received minor scratches on his wrist and forearm.",,WHALEN LLC,Costco warehouse,,2019-07-31,,,,,0,4,0.444444,0.358974,1.0,0.444444,0,0,0,"[""shared_2plus_product_tokens""]",top_ranked_non_upc_candidate,pre_recall_public,low,high,unlabeled,,
ER-0132,9622,23755,2023-05-11,Ski-Doo snowmobiles,Bombardier Recreational Products (BRP) Expands Recall of Snowmobiles Due to Fire Hazard (Recall Alert),This recall involves Ski-Doo model years 2021 and 2022 snowmobiles equipped with 850 E-TEC and 850 E-TEC Turbo engines. The vehicles were sold in a variety of colors. Ski-Doo and the model name are printed on the side panels of the vehicles. The vehicle identification number (VIN) is on the decal located on the right-hand side of tunnel underneath the seat. Dealers can check for VINs included in this recall. The following models are included in the recall: Model Year(s) Model Name 2021 and 2022 Backcountry 850 E-TEC Expedition 850 E-TEC Freeride 850 E-TEC Freeride 850 E-TEC Turbo MXZ 850 E-TEC Renegade 850 E-TEC Summit 850 E-TEC Summit 850 E-TEC Turbo 2022 Backcountry 850 E-TEC Turbo Expedition 850 E-TEC Turbo MXZ 850 E-TEC Turbo Renegade 850 E-TEC Turbo,"[{""name"": ""The fuel injector hose retainer screw can loosen and cause a fuel leak, posing a fire hazard."", ""hazard_type"": null, ""hazard_type_id"": null}]",[],"[{""name"": ""Ski-Doo dealers nationwide from October 2020 through September 2022 for between $10,000 and $17,000."", ""company_id"": null}]",https://www.cpsc.gov/Recalls/2023/Bombardier-Recreational-Products-BRP-Expands-Recall-of-Snowmobiles-Due-to-Fire-Hazard-Recall-Alert,20210823-62507-2147360947,2020-01-08,2021-10-26,Ski doo,,,2003 bombardier ski doo,Throttle switch stuck resulting in the death of my son,,BRP US Inc.  (Bombardier Recreational Products),,,,,,,,0,2,0.4,0.44,0.666667,0.5,1,0,0,"[""shared_2plus_product_tokens""]",top_ranked_non_upc_candidate,pre_recall_public,medium,high,unlabeled,,
ER-0133,9624,23203,2023-05-18,"PhysiciansCare Allergy, Allergy Plus and Cold and Cough",Acme United Recalls PhysiciansCare Brand Allergy Relief and Cold and Cough Tablets Due to Failure to Meet Child Resistant Packaging Requirement; Risk of Poisoning; Sold on Amazon.com,"This recall involves PhysiciansCare brand Allergy caplets with item number 90036, Allergy Plus tablets with item number 90091, and Cold and Cough tablets with item numbers 90092 and 90033. They are packaged in boxes of 50, 100 and 250 tablets/caplets. The item numbers are printed on the top right corner of the box. The recall includes the following: Item Number Description 90036 PhysiciansCare Allergy; 50 caplets 90091 PhysiciansCare Allergy Plus; 100 tablets Non-Drowsy Cold and Cough; 100 tablets 90033 PhysiciansCare Cold and Cough; 250 tablets","[{""name"": ""The recalled products contain diphenhydramine hydrochloride and acetaminophen which must be in child resistant packaging as required by the Poison Prevention Packaging Act (PPPA). The packaging of the products is not child resistant, posing a risk of poisoning if the contents are swallowed by young children."", ""hazard_type"": null, ""hazard_type_id"": null}]","[{""name"": ""Acme United, of Rocky Mount, North Carolina"", ""company_id"": null}, {""name"": ""Acme United, of Vancouver, Washington"", ""company_id"": null}]","[{""name"": ""Online at Amazon.com from January 2021 through August 2022 for between $5 and $19. This is Acme United's average selling price. It is not known at what price third parties sold the recalled products on Amazon."", ""company_id"": null}]",https://www.cpsc.gov/Recalls/2023/Acme-United-Recalls-PhysiciansCare-Brand-Allergy-Relief-and-Cold-and-Cough-Tablets-Due-to-Failure-to-Meet-Child-Resistant-Packaging-Requirement-Risk-of-Poisoning-Sold-on-Amazon-com,20210316-2E024-2147365341,2021-03-10,2021-04-06,Instapot,Ace plus,Na,Instapot ace plus cooking blender hot and cold 10 one touch programs.  56 Oz 1300w,"Overheating, melting plastic and exposed wires",,Double Insight Inc,Amazon,,2020-12-22,,,,,0,2,0.142857,0.355263,0.4,0.181818,0,0,0,"[""shared_2plus_product_tokens""]",top_ranked_non_upc_candidate,pre_recall_public,low,low,unlabeled,,
ER-0134,9628,23207,2023-05-18,BQQZHZ Combination Smoke and Carbon Monoxide Detectors,CPSC Warns Consumers to Immediately Stop Using BQQZHZ Combination Smoke and Carbon Monoxide Detectors Due to Failure to Alert Consumers to Deadly Smoke and Fire; Sold on Amazon.com,"The combination detectors are battery powered, white, and feature a digital display. They are advertised to detect dangerous levels of smoke or carbon monoxide and alert with an audible alarm. These detectors were sold under the Amazon ASIN B07QHYJR7F.","[{""name"": ""The detectors can fail to alert consumers to the presence of hazardous smoke and fire."", ""hazard_type"": null, ""hazard_type_id"": null}]",[],"[{""name"": ""The combination smoke and CO detectors were sold on Amazon.com for about $46."", ""company_id"": null}]",https://www.cpsc.gov/Recalls/2023/CPSC-Warns-Consumers-to-Immediately-Stop-Using-BQQZHZ-Combination-Smoke-and-Carbon-Monoxide-Detectors-Due-to-Failure-to-Alert-Consumers-to-Deadly-Smoke-and-Fire-Sold-on-Amazon-com,20221015-FD40D-2147353325,2022-10-14,2022-11-01,Kidde,KN-COSM-BA,,Kidde combination Smoke and Carbon Monoxide detector,"Kidde Smoke detector didn't alarm (model # KN-COSM-BA), when room filled with smoke due to very smoke fire in stove that caused smoke to fill the room.",,UTC Fire & Security,Home Depot,,,2016-09-20,,,,0,4,0.444444,0.780488,0.666667,0.571429,0,0,0,"[""shared_2plus_product_tokens""]",top_ranked_non_upc_candidate,pre_recall_public,high,high,unlabeled,,
ER-0135,9628,23207,2023-05-18,BQQZHZ Combination Smoke and Carbon Monoxide Detectors,CPSC Warns Consumers to Immediately Stop Using BQQZHZ Combination Smoke and Carbon Monoxide Detectors Due to Failure to Alert Consumers to Deadly Smoke and Fire; Sold on Amazon.com,"The combination detectors are battery powered, white, and feature a digital display. They are advertised to detect dangerous levels of smoke or carbon monoxide and alert with an audible alarm. These detectors were sold under the Amazon ASIN B07QHYJR7F.","[{""name"": ""The detectors can fail to alert consumers to the presence of hazardous smoke and fire."", ""hazard_type"": null, ""hazard_type_id"": null}]",[],"[{""name"": ""The combination smoke and CO detectors were sold on Amazon.com for about $46."", ""company_id"": null}]",https://www.cpsc.gov/Recalls/2023/CPSC-Warns-Consumers-to-Immediately-Stop-Using-BQQZHZ-Combination-Smoke-and-Carbon-Monoxide-Detectors-Due-to-Failure-to-Alert-Consumers-to-Deadly-Smoke-and-Fire-Sold-on-Amazon-com,20221201-38827-2147352291,2022-12-01,2022-12-20,Nest,06A,N/A,It is a Nest combination smoke/carbon monoxide detector.,My Nest combination smoke/carbon monoxide detector was chirping once every few minutes at 4 o'clock this morning.  I took the batteries out and one of them was very very hot.,,"Nest Labs, Inc.",,,,2017-05-11,,,,0,4,0.444444,0.728814,0.666667,0.571429,0,0,0,"[""shared_2plus_product_tokens""]",top_ranked_non_upc_candidate,pre_recall_public,high,high,unlabeled,,
ER-0136,9632,23760,2023-05-18,Model Year 2021-2023 RZR Pro XP 4 and Model Year 2022-2023 RZR Turbo R 4 vehicles Recreational Off-Road Vehicles,Polaris Recalls RZR Pro XP and Turbo R Recreational Off-Road Vehicles Due to Fire Hazard (Recall Alert),"This recall involves certain VINs of model year 2021-2023 RZR Pro XP 4 and Model Year 2022-2023 RZR Turbo R 4 vehicles. The recalled vehicles were sold in the following colors: black, blue, graphite, gray, navy blue, titanium metallic, metallic, orange, red, silver and white. The recalled vehicles were sold in a four-seat configuration. POLARIS is stamped on the front grille and POLARIS and RZR are printed on the sides of the vehicles. The model name is also printed on the side of the chassis. The VIN is located on the vehicle's frame in the left rear wheel well.","[{""name"": ""A fuel leak can occur at the fuel pump assembly joint on the fuel tank in close proximity to a hot surface, posing a fire hazard."", ""hazard_type"": null, ""hazard_type_id"": null}]",[],"[{""name"": ""Polaris dealers nationwide from December 2019 through November 2022 for between $25,700 and $39,600."", ""company_id"": null}]",https://www.cpsc.gov/Recalls/2023/Polaris-Recalls-RZR-Pro-XP-and-Turbo-R-Recreational-Off-Road-Vehicles-Due-to-Fire-Hazard-Recall-Alert,20210820-51677-2147360986,2021-08-19,2021-09-09,Honda,2017 Honda Pioneer 1000 5 Passenger LE,,Recreational off-highway vehicles (ROVs).      2017 Honda Pioneer 1000 5 Passenger Limited Edition   [REDACTED],"I was driving my  2017 Honda Pioneer 1000 5 Passenger  [REDACTED]  in the desert on Bureau of Land Management land north of Lake Pleasant, Arizona.  I came to a cattle gate so I placed the vehicle into Park and left it running.  I opened the gate, drove through the gate, placed  the vehicle into park and kept it running.  I went to close the cattle gate.  Probably 30 seconds had passed when I heard a clunk, and watched my Pioneer start moving  down the hill.   After rolling about 50-75 feet it came to rest near a tree.  Rocks on the trail had helped to keep it's speed down.  I did not see any damage.  I verified that the shift lever was still in Park.   I used the vehicle for the rest of the day without issue, however for safety, I turned the wheels appropriately and used a rock to block the tire.  This is a major safety issue as I could have had a passenger in the vehicle and this could have been on a shelf road with a 500-1000 foot drop.  There has already been a recall issued for this problem on ""2019 and 2020 Honda Pioneer 1000 5 Passenger"" vehicles.  ""Hazard: The ROV can move or roll when in the park position, posing crash and injury hazards.""   Now I am reporting an incident with the 2017 model year.",,"American Honda Motor Co., Inc.",Western Honda Powersports,,2018-09-11,,,,,0,3,0.142857,0.367188,0.272727,0.230769,0,0,0,"[""shared_2plus_product_tokens""]",top_ranked_non_upc_candidate,pre_recall_public,low,low,unlabeled,,
ER-0137,9637,23212,2023-06-01,EGO Power+ Model HT2410 Cordless Brushless Hedge Trimmers,Chervon North America Recalls EGO Power+ Cordless Brushless Hedge Trimmers Due to Laceration Hazard,"This recall involves EGO Power+ Model HT2410 Cordless Brushless Hedge Trimmers that were manufactured prior to March 30, 2019. The hedge trimmers have a gray, black and green housing, yellow, 24-inch dual-action steel blade, a black loop handle with a green switch trigger in front of the product housing, and rear switch trigger underneath the rear handle. The EGO logo is displayed on one side of the product housing, and the model number HT2410 and manufacturing date code are displayed on the opposite side. Only units with date codes from September 2017 through March 2019 are included in this recall. The hedge trimmers are powered by a removable battery and were sold as a bare tool with no battery, or in a combination kit which included EGO POWER+ 2.5 Ah battery and a POWER+ 56-volt charger. All units are marked with the model number HT2410.","[{""name"": ""The rear switch trigger can fail to rebound after being pressed, which can cause the unit to activate unexpectedly, posing a laceration hazard."", ""hazard_type"": null, ""hazard_type_id"": null}]",[],"[{""name"": ""Home improvement stores, hardware stores and authorized dealers and distributors nationwide and online at Acehardware.com, Acmetools.com and Homedepot.com from September 2017 through March 2020 for between $150 and $220."", ""company_id"": null}]",https://www.cpsc.gov/Recalls/2023/Chervon-North-America-Recalls-EGO-Power-Cordless-Brushless-Hedge-Trimmers-Due-to-Laceration-Hazard,20230612-E06C1-2147347058,2023-05-27,2023-06-29,EGO,HT2410,,EGO power 56V,back button pushing down does not all way's start it,,Chervon Group NA,HOME DEPOT,,,2019-01-01,,,,0,3,0.375,0.25,0.428571,0.75,1,1,0,"[""shared_2plus_product_tokens""]",top_ranked_non_upc_candidate,pre_incident_published_after_recall,low,medium,unlabeled,,
ER-0138,9637,23212,2023-06-01,EGO Power+ Model HT2410 Cordless Brushless Hedge Trimmers,Chervon North America Recalls EGO Power+ Cordless Brushless Hedge Trimmers Due to Laceration Hazard,"This recall involves EGO Power+ Model HT2410 Cordless Brushless Hedge Trimmers that were manufactured prior to March 30, 2019. The hedge trimmers have a gray, black and green housing, yellow, 24-inch dual-action steel blade, a black loop handle with a green switch trigger in front of the product housing, and rear switch trigger underneath the rear handle. The EGO logo is displayed on one side of the product housing, and the model number HT2410 and manufacturing date code are displayed on the opposite side. Only units with date codes from September 2017 through March 2019 are included in this recall. The hedge trimmers are powered by a removable battery and were sold as a bare tool with no battery, or in a combination kit which included EGO POWER+ 2.5 Ah battery and a POWER+ 56-volt charger. All units are marked with the model number HT2410.","[{""name"": ""The rear switch trigger can fail to rebound after being pressed, which can cause the unit to activate unexpectedly, posing a laceration hazard."", ""hazard_type"": null, ""hazard_type_id"": null}]",[],"[{""name"": ""Home improvement stores, hardware stores and authorized dealers and distributors nationwide and online at Acehardware.com, Acmetools.com and Homedepot.com from September 2017 through March 2020 for between $150 and $220."", ""company_id"": null}]",https://www.cpsc.gov/Recalls/2023/Chervon-North-America-Recalls-EGO-Power-Cordless-Brushless-Hedge-Trimmers-Due-to-Laceration-Hazard,20230829-62CF1-2147345492,2023-08-24,2023-09-15,EGO Power,HT2410 Cordless Brushless Hedge Trimmers,,EGO Power+ Model HT2410 Cordless Brushless Hedge Trimmers,"EGO Power+ Model HT2410 Cordless Brushless Hedge Trimmers

This product started unexpectedly and my wife got sharp cuts in legs and thigh.",,Chervon Group NA,Amazon.com,,2023-05-20,2023-03-01,,,,0,7,1.0,0.687117,1.0,1.0,1,1,0,"[""shared_2plus_product_tokens""]",top_ranked_non_upc_candidate,incident_on_or_after_recall,medium,high,unlabeled,,
ER-0139,9655,23229,2023-06-22,Robo Alive Junior Baby Shark Sing & Swim Bath Toys (full-size) and Robo Alive Junior Mini Baby Shark Swimming Bath Toys (mini-size),"Zuru Recalls 7.5 Million Baby Shark and Mini Baby Shark Bath Toys With Hard Plastic Top Fins Due to Risk of Impalement, Laceration and Puncture Injuries to Children","This recall involves both full-size Robo Alive Junior Baby Shark Sing & Swim bath toys and Mini Baby Shark Swimming bath toys. The recalled full-size Baby Shark bath toys sing and swim when placed in water. They have a hard plastic top fin with three grooves on one side, measure about 7-inches from nose to tail and were sold in three colors: yellow, pink and blue. They were sold individually and in packs of three. The recalled full-size bath toys have tracking label information on the bottom, including raised lettering that states model number ""#25282"" and a date code beginning with the letters ""DG"" followed by ""YYYY/MM/DD"" in the date range DG20190501 through DG20220619. Only full-size Baby Shark toys with a hard plastic top fin are included in this recall. The recalled Mini Baby Shark bath toys swim when placed in water but do not sing. They have a hard plastic top fin, measure about 4-inches from nose to tail and were sold in three colors: yellow, pink and blue. They were sold individually, in packs of two or three, and as part of a Baby Shark Music Water Park playset. The recalled mini-size bath toys have tracking label information on the bottom, including raised lettering that states model numbers ""#7163,"" ""#7175,"" ""#7166,"" or ""#25291"" and a date code beginning with the letters ""DG"" followed by ""YYYY/MM/DD"" in the date range DG2020615 through DG202352.","[{""name"": ""When using the recalled bath toys, particularly in a bathtub or wading pool, a child can slip and fall or sit onto the hard plastic top fin of the shark, posing risks of impalement, lacerations and punctures."", ""hazard_type"": null, ""hazard_type_id"": null}]",[],"[{""name"": ""Walmart, CVS Pharmacy, Dollar General Corp., Family Dollar Services, HEB Grocery Company, Meijer, Target, TJX Companies, Ross, and Walgreens stores nationwide and online at www.walmart.com, www.target.com, www.amazon.com and other websites. The full-size Baby Shark bath toys were sold from May 2019 through March 2023 for between $13 and $15. The Mini Baby Shark bath toys were sold individually and in multi-unit packs from July 2020 through June 2023 for between $6 and $20."", ""company_id"": null}]",https://www.cpsc.gov/Recalls/2023/Zuru-Recalls-7-5-Million-Baby-Shark-and-Mini-Baby-Shark-Bath-Toys-With-Hard-Plastic-Top-Fins-Due-to-Risk-of-Impalement-Laceration-and-Puncture-Injuries-to-Children,20210929-A6F9C-2147359361,2021-09-29,2021-10-18,Robo Alive Junior Baby Shark Battery-Powered Sing,Baby Shark,,Robo Alive Junior Baby Shark Battery-Powered Sing and Swim Bath Toy by ZURU,My child was getting out of the bath tub and he slipped and fell onto his baby shark sing and swim toy. The fin punched his face and left lots of scratches. I feel the fins are too pointy on this toy to be a children’s bath toy.,,Zuru Inc.,Walmart,,2020-10-01,,,,,0,8,0.470588,0.659004,0.615385,0.666667,0,1,0,"[""shared_2plus_product_tokens""]",top_ranked_non_upc_candidate,pre_recall_public,medium,high,unlabeled,,
ER-0140,9663,23238,2023-07-06,VRURC portable chargers,VRURC Portable Chargers Recalled Due to Fire Hazard; Sold Exclusively on Amazon.com by VRURC; Caught Fire on Commercial Flight,"This recall involves VRURC portable chargers with model number ""OD-B7,"" which have built-in cables and a built-in wall plug. The model number is printed on the back of the recalled chargers, which were sold in black, blue, green, orange, pink, red and white color options.","[{""name"": ""The recalled portable chargers can ignite, posing a fire hazard."", ""hazard_type"": null, ""hazard_type_id"": null}]",[],"[{""name"": ""Exclusively at Amazon.com from July 2021 through May 2023 for between $30 and $40."", ""company_id"": null}]",https://www.cpsc.gov/Recalls/2023/VRURC-Portable-Chargers-Recalled-Due-to-Fire-Hazard-Sold-Exclusively-on-Amazon-com-by-VRURC-Caught-Fire-on-Commercial-Flight,20241017-952EB-2147335907,2023-09-04,2024-11-05,VRURC portable chargers,,,Portable charger,Smoked and burnt,,"Shenzhen ChuangliJiacheng Technology Co., Ltd.",Amazon,,,,,,,0,3,0.75,0.730159,1.0,0.75,1,0,0,"[""shared_2plus_product_tokens""]",top_ranked_non_upc_candidate,incident_on_or_after_recall,high,high,unlabeled,,
ER-0141,9671,23774,2023-07-20,CUPKIN Double-Walled Stainless Steel Children's Cups,Soojimus Recalls CUPKIN Stainless Steel Children's Cups Due to Violation of Federal Lead Content Ban (Recall Alert),"This recall involves improperly manufactured 8 oz. and 12 oz. models of CUPKIN Double-Walled Stainless Steel Children's Cups sold in pairs. Both sizes of the recalled cups were sold in 12 different color combinations including a matching straw: blue and green, pink and purple, blue and gray, peach and teal, black and white, coral and yellow, green and pink, polignac and potpourri, brown and peach, rust and salmon, aqua and periwinkle, and cobalt and mint. ""Cupkin"" is printed on the front bottom of the cups.","[{""name"": ""The stainless-steel cups contain levels of lead that exceed the federal lead content ban. Lead is toxic if ingested by young children and can cause adverse health effects."", ""hazard_type"": null, ""hazard_type_id"": null}]",[],"[{""name"": ""Online at Amazon.com and Cupkin.com from January 2018 through March 2023 for about $20."", ""company_id"": null}]",https://www.cpsc.gov/Recalls/2023/Soojimus-Recalls-CUPKIN-Stainless-Steel-Childrens-Cups-Due-to-Violation-of-Federal-Lead-Content-Ban-Recall-Alert,20220920-5EA26-2147353771,2022-07-23,2022-10-28,Green sprouts,ASIN: B09GW4XKTJ,,"green sprouts Stainless Steel Sip & Straw Cup, Made From Sprout Ware Plant Plastic and Double-Walled Stainless Steel, Soft Silicone Spout & Straw, No BPA, BPS, BPF, or Melamine, Navy","I purchased 2 Green Sprouts sippy cups for my toddler from Amazon. Within weeks, the bottom popped off exposing a solid lead sealing dot",,i play. inc.,https://a.co/d/8YA0ORh,,2022-06-13,,,,,0,4,0.148148,0.039526,0.571429,0.166667,0,0,0,"[""shared_2plus_product_tokens""]",top_ranked_non_upc_candidate,pre_recall_public,low,low,unlabeled,,
ER-0142,9671,23774,2023-07-20,CUPKIN Double-Walled Stainless Steel Children's Cups,Soojimus Recalls CUPKIN Stainless Steel Children's Cups Due to Violation of Federal Lead Content Ban (Recall Alert),"This recall involves improperly manufactured 8 oz. and 12 oz. models of CUPKIN Double-Walled Stainless Steel Children's Cups sold in pairs. Both sizes of the recalled cups were sold in 12 different color combinations including a matching straw: blue and green, pink and purple, blue and gray, peach and teal, black and white, coral and yellow, green and pink, polignac and potpourri, brown and peach, rust and salmon, aqua and periwinkle, and cobalt and mint. ""Cupkin"" is printed on the front bottom of the cups.","[{""name"": ""The stainless-steel cups contain levels of lead that exceed the federal lead content ban. Lead is toxic if ingested by young children and can cause adverse health effects."", ""hazard_type"": null, ""hazard_type_id"": null}]",[],"[{""name"": ""Online at Amazon.com and Cupkin.com from January 2018 through March 2023 for about $20."", ""company_id"": null}]",https://www.cpsc.gov/Recalls/2023/Soojimus-Recalls-CUPKIN-Stainless-Steel-Childrens-Cups-Due-to-Violation-of-Federal-Lead-Content-Ban-Recall-Alert,20230816-AD99E-2147345775,2023-07-21,2023-09-11,Cupkins,,,12 oz stainless steel cups,"I purchased 2 Cupkin toddler tumblers that were recalled for lead. I filled out the form for a refund, and the company replied stating they would send out a replacement immediately, or I would have to wait for a refund. I emailed the company stating I wanted a refund. I was responded to, stating they were indated and would contact me when the refund would be available.  That was 3 weeks ago, I have heard nothing.",,CRAZY MUSCLE LLC d/b/a CUPKIN,Amazon,,2022-07-20,,,,,0,3,0.375,0.674419,0.428571,0.75,0,0,0,"[""shared_2plus_product_tokens""]",top_ranked_non_upc_candidate,incident_on_or_after_recall,medium,medium,unlabeled,,
ER-0143,9672,23775,2023-07-20,Pottery Barn Kids Penny Convertible Cribs,Pottery Barn Kids Recalls Penny Convertible Cribs Due to Laceration Hazard (Recall Alert),"This recall involves Pottery Barn Kids Penny Convertible Crib, with model number (SKU) 2850473. The crib can convert to a toddler bed and is French white in color with scalloped details. The crib is made from radiata pine. Model number (SKU) 2850473 can be found on the underside of the crib.","[{""name"": ""The cribs' end panel can become loose exposing sharp edges, posing a laceration hazard to children."", ""hazard_type"": null, ""hazard_type_id"": null}]",[],"[{""name"": ""Online at www.potterybarnkids.com from September 2022 through April 2023 for about $900."", ""company_id"": null}]",https://www.cpsc.gov/Recalls/2023/Pottery-Barn-Kids-Recalls-Penny-Convertible-Cribs-Due-to-Laceration-Hazard-Recall-Alert,20220906-351A4-2147353996,2022-07-26,2022-10-13,Kendall,Kendall convertible 3 in 1,,Kendall convertible 3 in 1 crib from pottery barn kids,Kendall covetable crib documentation claims that only pottery barn kids can provide replacement bolts. However they refuse to do so. Bolts are of a nonstandard size and cannot be manufactured or purchase anywhere on Earth. Replacement m6 screws cut to size would be extremely risky.,,"WILLIAMS-SONOMA, INC.",,,,2022-07-25,,,,0,4,0.5,0.261538,0.666667,0.666667,0,0,0,"[""shared_2plus_product_tokens""]",top_ranked_non_upc_candidate,pre_recall_public,low,high,unlabeled,,
ER-0144,9683,23257,2023-08-10,Baby and Toddler Boy Basic Stretch Straight Leg Jeans,The Children's Place Recalls Two Styles of Baby and Toddler Boy Basic Stretch Straight Leg Jeans Due to Choking Hazard,"This recall involves Baby and Toddler Boy Basic Stretch Straight Leg Jeans sold in sizes 6-9M to 5T. Only products with the following style and vendor numbers are included: Style Wash Style Number Vendor Number Dustbowl Wash 3022341 7000541 Telford 3022342 7000541 The Baby and Toddler Boy Jeans style numbers 3022341 and 3022342, and vendor number 7000541 can all be found on a sewn-in, side-seam label inside the jeans near the left pocket.","[{""name"": ""The metal snaps on the jeans can detach, posing a choking hazard to young children."", ""hazard_type"": null, ""hazard_type_id"": null}]",[],"[{""name"": ""Exclusively at The Children's Place stores nationwide from September 2022 through March 2023 (for style number 3022341, vendor number 7000541) and from January 2023 through June 2023 (for style number 3022342, vendor number 7000541) for about $25."", ""company_id"": null}]",https://www.cpsc.gov/Recalls/2023/The-Childrens-Place-Recalls-Two-Styles-of-Baby-and-Toddler-Boy-Basic-Stretch-Straight-Leg-Jeans-Due-to-Choking-Hazard,20200924-11FF2-2147369607,2020-09-23,2020-11-10,swurfer kiwi swing,Swurfer Kiwi Baby and Toddler Swings,,Green and brown baby swing,"The rope on the bottom left part of the swing came unglued from the piece of plastic holding it in, leaving baby dangling.",,"Flybar, Inc.",be beep toy store,,2020-06-16,,,,,0,2,0.142857,0.385185,0.25,0.25,0,0,0,"[""shared_2plus_product_tokens""]",top_ranked_non_upc_candidate,pre_recall_public,low,low,unlabeled,,
ER-0145,9694,23784,2023-08-24,Aiper Elite Pro GS100 cordless robotic pool vacuum cleaners,Aiper Elite Pro Cordless Robotic Pool Vacuum Cleaners Recalled Due to Burn and Fire Hazards; Distributed by Shenzhen Aiper Intelligent Co. (Recall Alert),"This recall involves Aiper Elite Pro cordless robotic pool vacuum cleaners with model number GS100. The Elite Pro unit weighs 11.2 pounds and measures about 15.9 x 14.2 x 10 inches. The dark gray pool vacuum cleaners have the ""Aiper"" brand name printed on the top/front of the product. The model name and number are printed on the label attached on the bottom side of the pool vacuum.","[{""name"": ""When the charging cord is plugged into the device without the adapter and/or directly into the charging port on the machine, the battery can overheat and short circuit, posing burn and fire hazards."", ""hazard_type"": null, ""hazard_type_id"": null}]","[{""name"": ""Compurobot Technology Company, of China"", ""company_id"": null}]","[{""name"": ""Online at www.aiper.com, Amazon.com, www.cocktailpool.com, www.factorypure.com, www.myrobotdirect.com, www.wellbots.com and uspoolsite.com from January 2023 through May 2023 for between $600 and $800."", ""company_id"": null}]",https://www.cpsc.gov/Recalls/2023/Aiper-Elite-Pro-Cordless-Robotic-Pool-Vacuum-Cleaners-Recalled-Due-to-Burn-and-Fire-Hazards-Distributed-by-Shenzhen-Aiper-Intelligent-Co-Recall-Alert,20230529-6ECA8-2147347308,2023-05-29,2023-06-14,Aiper,Aiper Elite Pro,A100408031001,"Robotic pool cleaner 
Aiper Elite Pro",I have an Aiper Elite Pro pool vacuum. I charged it 2 hours as per instructions. The “on” button did not work so I contacted customer support on computer. The batteries in vacuum started exploding and caught fire,,"Aiper Intelligent, LLC.",Amazon,,2023-05-23,,,,,0,5,0.5,0.615385,0.555556,0.833333,1,1,0,"[""shared_2plus_product_tokens""]",top_ranked_non_upc_candidate,pre_recall_public,medium,high,unlabeled,,
ER-0146,9696,23269,2023-08-31,Frigidaire Stainless-Steel 30-inch 4 Burner and 36-inch 5 Burner Gas Cooktops,"Electrolux Group Recalls Frigidaire Gas Cooktops Due to Risk of Gas Leak, Fire Hazard","This recall involves all Frigidaire Stainless-Steel 30-inch 4 Burner Gas Cooktops (model FFGC3026SS) and Frigidaire Stainless-Steel 36-inch 5 Burner Gas Cooktops (model FFGC3626SS) with control knobs with black shafts. The model number and serial number are located on a label on the underside of the unit. The cooktops have ""FRIGIDAIRE"" on the front, lower left corner. The following serial numbers are included in this recall: Model Numbers Serial Numbers FFGC3026SS 1F00590006 through 1F11090155 3F53705075 through 3F01309052 FFGC3626SS 1F00590020 through 1F10390342 3F53703455 through 3F00806110 To determine whether their cooktop is included in the recall, consumers should visit www.cooktopknobrecall.com and input the model and serial number.","[{""name"": ""Plastic control knobs with a black shaft on the cooktop can crack or break during use, posing a risk of gas leak, fire hazard."", ""hazard_type"": null, ""hazard_type_id"": null}]","[{""name"": ""Electrolux Home Products Inc., of Charlotte, North Carolina"", ""company_id"": null}]","[{""name"": ""Lowe's, The Home Depot, and other independent appliance stores nationwide from March 2016 through April 2022 for about $1,000."", ""company_id"": null}]",https://www.cpsc.gov/Recalls/2023/Electrolux-Group-Recalls-Frigidaire-Gas-Cooktops-Due-to-Risk-of-Gas-Leak-Fire-Hazard,20200323-DE489-2147374241,2020-03-23,2020-04-14,Frigidaire,LGGF3043KFM,,"Frigidaire Stainless steel 5 burner gas range

Model LGGF3043KFM","I have a Frigidaire Gas Range purchased at Lowe's in 2012 that was recalled. There is a delay between the time the gas comes on and when it ignites. I noticed my stove was doing this which makes a kind of small explosion (woosh) sound when it finally ignites. I looked it up to see if the model had been recalled. It had (Model #LGGF3043KF). The only problem is they limited it o about 167 models with a certain range of serial  numbers. Mine fits all other criteria including having the same problem but doesn't fit that limited range of serial numbers. I called them and they said they would do nothing.
https://www.partselect.com/Recalls/75-Frigidaire-Gas-Range-Recalled-Due-to-Fire-Hazard%2C-Sold-Exclusively-at-Lowe's-Stores.htm  (Here's the link to the recall I found)",,ELECTROLUX/WHITE CONSOLIDATED,Lowes,,,,,,,0,5,0.555556,0.515337,0.714286,0.714286,1,0,0,"[""shared_2plus_product_tokens""]",top_ranked_non_upc_candidate,pre_recall_public,medium,high,unlabeled,,
ER-0147,9696,23269,2023-08-31,Frigidaire Stainless-Steel 30-inch 4 Burner and 36-inch 5 Burner Gas Cooktops,"Electrolux Group Recalls Frigidaire Gas Cooktops Due to Risk of Gas Leak, Fire Hazard","This recall involves all Frigidaire Stainless-Steel 30-inch 4 Burner Gas Cooktops (model FFGC3026SS) and Frigidaire Stainless-Steel 36-inch 5 Burner Gas Cooktops (model FFGC3626SS) with control knobs with black shafts. The model number and serial number are located on a label on the underside of the unit. The cooktops have ""FRIGIDAIRE"" on the front, lower left corner. The following serial numbers are included in this recall: Model Numbers Serial Numbers FFGC3026SS 1F00590006 through 1F11090155 3F53705075 through 3F01309052 FFGC3626SS 1F00590020 through 1F10390342 3F53703455 through 3F00806110 To determine whether their cooktop is included in the recall, consumers should visit www.cooktopknobrecall.com and input the model and serial number.","[{""name"": ""Plastic control knobs with a black shaft on the cooktop can crack or break during use, posing a risk of gas leak, fire hazard."", ""hazard_type"": null, ""hazard_type_id"": null}]","[{""name"": ""Electrolux Home Products Inc., of Charlotte, North Carolina"", ""company_id"": null}]","[{""name"": ""Lowe's, The Home Depot, and other independent appliance stores nationwide from March 2016 through April 2022 for about $1,000."", ""company_id"": null}]",https://www.cpsc.gov/Recalls/2023/Electrolux-Group-Recalls-Frigidaire-Gas-Cooktops-Due-to-Risk-of-Gas-Leak-Fire-Hazard,20200401-7A4FD-2147373110,2020-01-15,2020-04-23,Frigidaire,Frigidaire FFGC3626SSE,,"Frigidaire 5 burner stainless steel 36"" gas cooktop.  Model FFGC3626SSE
Serial # #F91203258

Model FFGC3626SSE","We installed a Frigidaire 5 burner LP cooktop, model FFGC3626SSE,  in our new home October 23, 2019 and began using the cooktop November 1, 2019.  After a month of use we noticed that the stems of the plastic control knobs were cracking.  Upon further inspection, we noted that all 5 control knobs were cracked to a degree.  The problem became so serious that the metal clip inside the plastic stem was no longer held in place and would spin independently of the knob.  My wife called me at work around January 15, 2020 because she could not get a burner to turn off due to the control knob spinning freely.  The plastic stem held long enough to turn the burner on but failed when my wife attempted to shut the burner down.  Had the knob been turned past the ignition position allowing gas to flow without igniting and then failed, the result could have been an explosion.  As a stopgap, I tightly wound the plastic stems with electrical tape to control the cracking and then called Frigidaire customer service.  Frigidaire agreed to send 5 new control knobs which were the same style as the original.  We received a package of the new burner knobs around January 25, 2020 (the packing label was dated 1/23/20) and began replacing the knobs that were critical.  Within a couple of weeks, the new knobs began to crack as well",,ELECTROLUX/WHITE CONSOLIDATED,Big Sandy Super Store,,2019-07-30,,,,,0,5,0.454545,0.392523,0.714286,0.555556,1,0,0,"[""shared_2plus_product_tokens""]",top_ranked_non_upc_candidate,pre_recall_public,low,high,unlabeled,,
ER-0148,9711,23286,2023-09-14,Chuckle & Roar Ultimate Water Beads Activity Kits,"Buffalo Games Recalls Chuckle & Roar Ultimate Water Beads Activity Kits Due to Serious Ingestion, Choking and Obstruction Hazards; One Infant Death Reported; Sold Exclusively at Target","This recall involves the Chuckle & Roar Ultimate Water Beads Activity Kit. On the front of the purple container, the label states Ultimate Water Beads Activity Kit. It includes: 2 ounces of ""jumbo"" water beads and 6 ounces of ""regular"" water beads. Along with a clear container and lid, there are five small toy fish, a scissor scoop, tweezers, a scoop with a handle, 10 activity cards and instructions. The activity kit was sold in a purple box with UPC Number 079346627035 on the back.","[{""name"": ""If a water bead is ingested, it expands and can pose ingestion, choking and intestinal obstruction hazards inside a child's body, resulting in severe discomfort, vomiting, dehydration and a risk of death to a child."", ""hazard_type"": null, ""hazard_type_id"": null}]",[],"[{""name"": ""The recalled Chuckle & Roar Ultimate Water Beads Activity Kits were sold exclusively at Target stores nationwide and online at Target.com from March 2022 through November 2022 for about $15."", ""company_id"": null}]",https://www.cpsc.gov/Recalls/2023/Buffalo-Games-Recalls-Chuckle-Roar-Ultimate-Water-Beads-Activity-Kits-Due-to-Serious-Ingestion-Choking-and-Obstruction-Hazards-One-Infant-Death-Reported-Sold-Exclusively-at-Target,20221108-4B613-2147352855,2022-11-01,2022-11-28,Chuckle and roar,,0793466270,Ultimate water beads sold by chuckle and roar. Multicolor size ranging from a cm to an inch,My daughter ingested a water bead and it blocked her small intestine causing a massive infection,,Buffalo Games,Target,,2022-10-24,,,,,0,5,0.454545,0.532468,0.714286,0.555556,0,0,0,"[""shared_2plus_product_tokens""]",top_ranked_non_upc_candidate,pre_recall_public,medium,high,unlabeled,,
ER-0149,9725,23794,2023-09-28,Secura Air Fryers,Secura Recalls Air Fryers Due to Fire and Burn Hazards (Recall Alert),"This recall involves Secura air fryers with model number SAF-53D (TXG-DT16E) with date code 1901, and model number SAF-53 (TXG-DS16) with date codes 1903 and 1904. They are a black color with silver accent. The brand name Secura is on the top of each unit. The model number and four-digit date code are printed on the silver labels located at the bottom of each unit. The air fryers measure about 12 inches high, 11 inches deep and 12 inches wide.","[{""name"": ""A wire connection in the air fryer can overheat, posing fire and burn hazards."", ""hazard_type"": null, ""hazard_type_id"": null}]",[],"[{""name"": ""Online at thesecura.com and Amazon.com from May 2019 through October 2020 for between $48 and $90."", ""company_id"": null}]",https://www.cpsc.gov/Recalls/2023/Secura-Recalls-Air-Fryers-Due-to-Fire-and-Burn-Hazards-Recall-Alert,20230119-1F54D-4065847,2023-01-11,2023-02-27,Secura,saf53txgds16,,Air fryer,"Caller is reporting that the air fryer while in use for about 5 mins, there was smoke emanating from the rear vent of the unit, she noticed the top was bubbling and flames erupted. They immediately unplugged it and discard it outside and contained the flames with a bucket of water.

The manufacturer was emailed because there was no contact number.

Caller stated that there were no prior incidents.  She feels that this air fryer is a fire hazard and should be reported.",,SECURA INC,Gift,,,,,,,0,2,0.4,0.695652,0.666667,0.5,1,0,0,"[""shared_2plus_product_tokens""]",top_ranked_non_upc_candidate,pre_recall_public,medium,high,unlabeled,,
ER-0150,9725,23794,2023-09-28,Secura Air Fryers,Secura Recalls Air Fryers Due to Fire and Burn Hazards (Recall Alert),"This recall involves Secura air fryers with model number SAF-53D (TXG-DT16E) with date code 1901, and model number SAF-53 (TXG-DS16) with date codes 1903 and 1904. They are a black color with silver accent. The brand name Secura is on the top of each unit. The model number and four-digit date code are printed on the silver labels located at the bottom of each unit. The air fryers measure about 12 inches high, 11 inches deep and 12 inches wide.","[{""name"": ""A wire connection in the air fryer can overheat, posing fire and burn hazards."", ""hazard_type"": null, ""hazard_type_id"": null}]",[],"[{""name"": ""Online at thesecura.com and Amazon.com from May 2019 through October 2020 for between $48 and $90."", ""company_id"": null}]",https://www.cpsc.gov/Recalls/2023/Secura-Recalls-Air-Fryers-Due-to-Fire-and-Burn-Hazards-Recall-Alert,20231215-B7F78-2147343425,2023-08-02,2024-01-12,power xl,,,PowerXL Air Fryers,the middle part broke when i pull it out and chicken oil got my foot,,"Empower Brands, LLC",walmart,,,,,,,0,2,0.4,0.590909,0.666667,0.5,0,0,0,"[""shared_2plus_product_tokens""]",top_ranked_non_upc_candidate,pre_incident_published_after_recall,medium,high,unlabeled,,
